ac_year,statcd,statname,area_sqkm,tot_population,urban_population,grwoth_rate,sexratio,sc_population,st_population,literacy_rate,male_literacy_rate,female_literacy_rate,distcd,blkcd,villages,clusters,schools,sch_1,sch_2,sch_3,sch_4,sch_5,sch_6,sch_7,sch_r_1,sch_r_2,sch_r_3,sch_r_4,sch_r_5,sch_r_6,sch_r_7,sch_u_1,sch_u_2,sch_u_3,sch_u_4,sch_u_5,sch_u_6,sch_u_7,enr_1,enr_2,enr_3,enr_4,enr_5,enr_6,enr_7,enr_all,enr_r_1,enr_r_2,enr_r_3,enr_r_4,enr_r_5,enr_r_6,enr_r_7,enr_r_all,enr_u_1,enr_u_2,enr_u_3,enr_u_4,enr_u_5,enr_u_6,enr_u_7,enr_u_all,tch_1,tch_2,tch_3,tch_4,tch_5,tch_6,tch_7,tch_all,tch_r_1,tch_r_2,tch_r_3,tch_r_4,tch_r_5,tch_r_6,tch_r_7,tch_r_all,tch_u_1,tch_u_2,tch_u_3,tch_u_4,tch_u_5,tch_u_6,tch_u_7,tch_u_all,sing_cls_sch_1,sing_cls_sch_2,sing_cls_sch_3,sing_cls_sch_4,sing_cls_sch_5,sing_cls_sch_6,sing_cls_sch_7,sing_cls_sch_all,sing_tch_sch_1,sing_tch_sch_2,sing_tch_sch_3,sing_tch_sch_4,sing_tch_sch_5,sing_tch_sch_6,sing_tch_sch_7,sing_tch_sch_all,bldg_1,bldg_2,bldg_3,bldg_4,bldg_5,bldg_6,bldg_7,bldg_all,girls_toilet_1,girls_toilet_2,girls_toilet_3,girls_toilet_4,girls_toilet_5,girls_toilet_6,girls_toilet_7,girls_toilet_all,boys_toilet_1,boys_toilet_2,boys_toilet_3,boys_toilet_4,boys_toilet_5,boys_toilet_6,boys_toilet_7,boys_toilet_all,gsch_1,gsch_2,gsch_3,gsch_4,gsch_5,gsch_6,gsch_7,gsch_all,bsch_1,bsch_2,bsch_3,bsch_4,bsch_5,bsch_6,bsch_7,bsch_all,co_sch1,co_sch2,co_sch3,co_sch4,co_sch5,co_sch6,co_sch7,co_sch_all,cwsn_toilet_1,cwsn_toilet_2,cwsn_toilet_3,cwsn_toilet_4,cwsn_toilet_5,cwsn_toilet_6,cwsn_toilet_7,cwsn_toilet_all,water_1,water_2,water_3,water_4,water_5,water_6,water_7,water_all,electric_1,electric_2,electric_3,electric_4,electric_5,electric_6,electric_7,electric_all,rampneed_1,rampneed_2,rampneed_3,rampneed_4,rampneed_5,rampneed_6,rampneed_7,rampneed_all,ramps_1,ramps_2,ramps_3,ramps_4,ramps_5,ramps_6,ramps_7,ramps_all,library_1,library_2,library_3,library_4,library_5,library_6,library_7,library_all,librarian_1,librarian_2,librarian_3,librarian_4,librarian_5,librarian_6,librarian_7,librarian_all,bndrywall_1,bndrywall_2,bndrywall_3,bndrywall_4,bndrywall_5,bndrywall_6,bndrywall_7,bndrywall_all,cwsn_sch_1,cwsn_sch_2,cwsn_sch_3,cwsn_sch_4,cwsn_sch_5,cwsn_sch_6,cwsn_sch_7,cwsn_sch_all,lab_asst_1,lab_asst_2,lab_asst_3,lab_asst_4,lab_asst_5,lab_asst_6,lab_asst_7,lab_asst_all,hmroom_1,hmroom_2,hmroom_3,hmroom_4,hmroom_5,hmroom_6,hmroom_7,hmroom_all,hostel_boys_1,hostel_boys_2,hostel_boys_3,hostel_boys_4,hostel_boys_5,hostel_boys_6,hostel_boys_7,hostel_boys_all,hostel_girls_1,hostel_girls_2,hostel_girls_3,hostel_girls_4,hostel_girls_5,hostel_girls_6,hostel_girls_7,hostel_girls_all,internet_1,internet_2,internet_3,internet_4,internet_5,internet_6,internet_7,internet_all,ict_lab_1,ict_lab_2,ict_lab_3,ict_lab_4,ict_lab_5,ict_lab_6,ict_lab_7,ict_lab_all,pground_1,pground_2,pground_3,pground_4,pground_5,pground_6,pground_7,pground_all,medchk_1,medchk_2,medchk_3,medchk_4,medchk_5,medchk_6,medchk_7,medchk_all,smdc_1,smdc_2,smdc_3,smdc_4,smdc_5,smdc_6,smdc_7,smdc_all,sch_bld_com_1,sch_bld_com_2,sch_bld_com_3,sch_bld_com_4,sch_bld_com_5,sch_bld_com_6,sch_bld_com_7,sch_bld_com_all,pta_1,pta_2,pta_3,pta_4,pta_5,pta_6,pta_7,pta_all,sch_2006_1,sch_2006_2,sch_2006_3,sch_2006_4,sch_2006_5,sch_2006_6,sch_2006_7,sch_2006_all,cls_1,cls_2,cls_3,cls_4,cls_5,cls_6,cls_7,cls_all,tchf_1,tchf_2,tchf_3,tchf_4,tchf_5,tchf_6,tchf_7,tchf_all,enrg_1,enrg_2,enrg_3,enrg_4,enrg_5,enrg_6,enrg_7,enrg_all,enrc8_b,enrc8_g,enrc9_b,enrc9_g,enrc10_b,enrc10_g,enrc11_b,enrc11_g,enrc12_b,enrc12_g,repc8_b,repc8_g,repc9_b,repc9_g,repc10_b,repc10_g,repc11_b,repc11_g,repc12_b,repc12_g,cwsnc8_b,cwsnc8_g,cwsnc9_b,cwsnc9_g,cwsnc10_b,cwsnc10_g,cwsnc11_b,cwsnc11_g,cwsnc12_b,cwsnc12_g,schlabphy,schlabchem,schlabbio,schlabcomputer,schlabmath,schlablang,schlabgeo,schlabpsyc,schlabhsci,scsec,scsec_g,schsec,schsec_g,stsec,stsec_g,sthsec,sthsec_g,obcsec,obcsec_g,obchsec,obchsec_g,muslim_sec,muslim_sec_g,muslim_hsec,muslim_hsec_g,clgood_sec,clmajor_sec,clminor_sec,clgood_hsec,clmajor_hsec,clminor_hsec,boys_b13_c8,girls_b13_c8,boys_b13_c9,girls_b13_c9,boys_b13_c10,girls_b13_c10,boys_13_c8,girls_13_c8,boys_13_c9,girls_13_c9,boys_13_c10,girls_13_c10,boys_14_c8,girls_14_c8,boys_14_c9,girls_14_c9,boys_14_c10,girls_14_c10,boys_15_c8,girls_15_c8,boys_15_c9,girls_15_c9,boys_15_c10,girls_15_c10,boys_a15_c8,girls_a15_c8,boys_a15_c9,girls_a15_c9,boys_a15_c10,girls_a15_c10,boys_b15_c11,girls_b15_c11,boys_b15_c12,girls_b15_c12,boys_15_c11,girls_15_c11,boys_15_c12,girls_15_c12,boys_16_c11,girls_16_c11,boys_16_c12,girls_16_c12,boys_17_c11,girls_17_c11,boys_17_c12,girls_17_c12,boys_a17_c11,girls_a17_c11,boys_a17_c12,girls_a17_c12,apr_b_gen_py10,apr_g_gen_py10,apr_b_sc_py10,apr_g_sc_py10,apr_b_st_py10,apr_g_st_py10,apr_b_obc_py10,apr_g_obc_py10,pass_b_gen_py10,pass_g_gen_py10,pass_b_sc_py10,pass_g_sc_py10,pass_b_st_py10,pass_g_st_py10,pass_b_obc_py10,pass_g_obc_py10,arts_c11_b,sci_c11_b,com_c11_b,voc_c11_b,oth_c11_b,arts_c11_g,sci_c11_g,com_c11_g,voc_c11_g,oth_c11_g,arts_c12_b,sci_c12_b,com_c12_b,voc_c12_b,oth_c12_b,arts_c12_g,sci_c12_g,com_c12_g,voc_c12_g,oth_c12_g,apr_arts_gen_b,apr_arts_gen_g,apr_arts_sc_b,apr_arts_sc_g,apr_arts_st_b,apr_arts_st_g,apr_arts_obc_b,apr_arts_obc_g,pass_arts_gen_b,pass_arts_gen_g,pass_arts_sc_b,pass_arts_sc_g,pass_arts_st_b,pass_arts_st_g,pass_arts_obc_b,pass_arts_obc_g,apr_sci_gen_b,apr_sci_gen_g,apr_sci_sc_b,apr_sci_sc_g,apr_sci_st_b,apr_sci_st_g,apr_sci_obc_b,apr_sci_obc_g,pass_sci_gen_b,pass_sci_gen_g,pass_sci_sc_b,pass_sci_sc_g,pass_sci_st_b,pass_sci_st_g,pass_sci_obc_b,pass_sci_obc_g,apr_com_gen_b,apr_com_gen_g,apr_com_sc_b,apr_com_sc_g,apr_com_st_b,apr_com_st_g,apr_com_obc_b,apr_com_obc_g,pass_com_gen_b,pass_com_gen_g,pass_com_sc_b,pass_com_sc_g,pass_com_st_b,pass_com_st_g,pass_com_obc_b,pass_com_obc_g,apr_voc_gen_b,apr_voc_gen_g,apr_voc_sc_b,apr_voc_sc_g,apr_voc_st_b,apr_voc_st_g,apr_voc_obc_b,apr_voc_obc_g,pass_voc_gen_b,pass_voc_gen_g,pass_voc_sc_b,pass_voc_sc_g,pass_voc_st_b,pass_voc_st_g,pass_voc_obc_b,pass_voc_obc_g,apr_oth_gen_b,apr_oth_gen_g,apr_oth_sc_b,apr_oth_sc_g,apr_oth_st_b,apr_oth_st_g,apr_oth_obc_b,apr_oth_obc_g,pass_oth_gen_b,pass_oth_gen_g,pass_oth_sc_b,pass_oth_sc_g,pass_oth_st_b,pass_oth_st_g,pass_oth_obc_b,pass_oth_obc_g,tchug_r_m,tchgrad_r_m,tchpg_r_m,tchphd_r_m,tchpd_r_m,tchnr_r_m,tchug_r_f,tchgrad_r_f,tchpg_r_f,tchphd_r_f,tchpd_r_f,tchnr_r_f,tchug_r_nr,tchgrad_r_nr,tchpg_r_nr,tchphd_r_nr,tchpd_r_nr,tchnr_r_nr,tchug_p_m,tchgrad_p_m,tchpg_p_m,tchphd_p_m,tchpd_p_m,tchnr_p_m,tchug_p_f,tchgrad_p_f,tchpg_p_f,tchphd_p_f,tchpd_p_f,tchnr_p_f,tchug_p_nr,tchgrad_p_nr,tchpg_p_nr,tchphd_p_nr,tchpd_p_nr,tchnr_p_nr,tchbtt_m,tchbed_m,tchmed_m,tchoth_m,tchse_m,tchnr_m,tchbtt_f,tchbed_f,tchmed_f,tchoth_f,tchse_f,tchnr_f,tchbtt_nr,tchbed_nr,tchmed_nr,tchoth_nr,tchse_nr,tchnr_nr,enrc7_py,enrc8_py,enrc9_py,enrc10_py,enr11_py,enr12_py
2015-16,01,Jammu And Kashmir,222236,12548.93,20.05,23.71,883,7.4,11.9,68.74,78.26,58.01,22,201,7263,1628,4202,486,95,2693,414,34,478,2,264,90,2012,376,30,346,0,222,5,681,38,4,132,2,116698,27584,165991,38229,3669,231066,1729,584967,56114,25939,123808,35258,3265,141880,0,386265,60584,1645,42183,2971,404,89186,1729,198702,4864,1418,11828,2656,384,10073,48,31275,2351,1239,8303,2363,335,6366,0,20961,2513,179,3525,293,49,3707,48,10314,0,0,67,0,0,0,0,67,,,,,,,,,486,95,2692,414,34,478,2,4201,479,92,2662,390,31,429,0,4083,471,91,2574,372,30,400,2,3940,9,2,54,36,4,75,0,180,6,3,13,23,1,49,2,97,471,90,2626,355,29,354,0,3925,50,7,152,28,1,26,0,264,484,92,2641,401,33,470,1,4122,473,90,2156,299,20,442,1,3481,102,41,846,237,21,262,0,1509,68,38,590,186,16,206,0,1104,474,88,2366,329,25,456,2,3740,135,30,320,45,2,171,2,705,435,63,1806,262,25,414,2,3007,1,0,15,6,0,2,0,24,261,58,556,117,14,394,2,1402,446,66,1964,264,26,392,2,3160,9,13,21,2,0,14,0,59,7,11,19,2,0,7,0,46,271,20,442,6,0,84,0,823,166,27,303,5,2,192,1,696,452,75,2080,240,20,366,2,3235,339,58,1680,262,24,249,0,2612,327,89,2124,413,33,474,2,3462,321,88,2014,409,34,474,2,3342,346,90,2200,412,34,475,2,3559,19,4,47,2,0,5,0,77,3746,645,7284,1413,200,4927,28,18287,2740,441,5343,756,100,3586,7,12977,51114,12349,78696,19275,1846,107441,0,270721,103534,93203,96707,84336,83649,73657,66291,55257,67599,57471,820,514,1783,1258,3173,2722,1171,619,3195,2280,1373,1046,776,568,530,413,194,228,199,240,533,535,505,506,97,52,52,18,25,30578,14060,18189,8801,38332,17028,21946,9605,24909,11813,14125,6128,208525,99751,148947,67428,10406,793,1897,3961,330,841,44488,38516,9375,7821,0,0,45708,42575,34462,29470,0,0,9321,8460,36215,32542,35019,30169,2672,2429,11366,10166,34051,31005,1345,1223,5289,4337,14579,12483,4850,4349,0,0,23490,18115,8306,5861,19224,16918,22035,19795,10931,9781,17790,16112,7796,6094,19468,15703,48639,40684,6185,5672,6517,4978,3963,3396,34677,27496,3353,3170,3114,2450,2530,2080,35530,25410,4632,72,138,33299,18415,2955,108,99,35722,26404,4677,78,161,34747,18795,2659,123,105,22721,21970,2033,2384,2655,1781,1769,1806,10765,10704,848,1098,905,813,698,881,18961,12123,1320,809,1296,738,1210,594,13739,9282,813,579,704,453,780,390,3261,1814,143,55,112,55,192,60,2421,1524,97,47,81,44,134,45,3,3,1,4,1,0,0,0,3,3,1,4,1,0,0,0,0,99,0,0,0,0,0,3,0,90,0,0,0,0,0,3,75,5544,11973,626,14,0,33,4811,7732,366,6,0,0,0,0,0,0,0,0,4,55,7,0,0,0,8,21,0,0,0,0,0,0,0,0,0,102,13098,1441,59,43,3555,150,8394,1451,44,32,2906,0,0,0,0,0,0,199954,203537,192567,146066,138963,116187
2015-16,02,Himachal Pradesh,55673,6856.51,8.69,12.81,974,25.2,5.7,83.78,90.83,76.6,12,124,10120,2243,3782,565,1634,684,884,2,4,9,418,1543,565,869,2,1,6,147,91,119,15,0,3,3,84525,336705,22783,36192,27,879,1383,482494,48611,297232,17724,35510,27,43,996,400143,35914,39473,5059,682,0,836,387,82351,5061,20160,2327,2836,14,53,93,30545,3250,18193,1838,2769,14,4,65,26134,1811,1967,489,67,0,49,28,4411,0,13,4,96,0,0,0,113,,,,,,,,,565,1634,684,884,2,4,9,3782,563,1613,681,884,2,4,9,3756,562,1594,684,874,2,4,8,3728,3,40,0,10,0,0,1,54,2,21,3,0,0,0,0,26,560,1573,681,874,2,4,8,3702,115,572,103,275,1,2,1,1069,565,1634,684,884,2,4,9,3782,564,1631,683,876,2,4,9,3769,156,1194,194,670,1,0,5,2220,77,1132,71,628,0,0,5,1913,560,1627,669,877,2,4,9,3748,303,243,205,26,1,2,5,785,486,1230,511,635,1,2,8,2873,1,8,3,4,0,0,0,16,369,997,301,198,0,3,5,1873,560,1305,668,650,2,4,9,3198,30,31,12,3,0,0,1,77,22,27,12,1,0,0,2,64,450,972,386,164,0,3,5,1980,223,1209,175,327,1,2,3,1940,550,1558,667,803,2,2,8,3590,499,1588,592,850,2,3,6,3540,363,1084,430,470,1,3,6,2357,59,905,41,241,1,0,2,1249,125,282,149,67,1,0,4,628,64,52,127,80,1,0,3,327,3818,10080,1687,1523,6,35,62,17259,3295,7352,1590,1026,7,29,44,13343,34515,163267,9104,17730,13,320,560,225509,64179,57629,67976,58574,69592,59755,62304,54804,57113,52376,210,195,4424,2690,5850,4296,2626,1559,1580,1052,798,548,735,494,542,396,247,231,209,188,521,527,518,799,151,53,89,10,31,71204,34014,54482,26452,15053,7100,13796,6490,39252,17849,36766,17172,3775,1657,2240,1062,7583,544,774,6921,402,976,31659,28738,6304,5740,0,0,24231,22033,26952,24092,0,0,6457,5377,23279,20068,29416,25798,1391,1174,8100,6205,25522,22617,441,307,3341,2469,14654,11340,5603,5315,0,0,21280,19941,5086,4582,20603,17623,18189,18205,9766,8054,18948,17140,5052,3871,14890,12449,36463,30818,18337,17077,4031,3715,11631,9975,29003,25226,12440,11846,3049,2824,8289,7060,31697,19815,10693,101,0,31504,15930,7280,87,0,28211,18843,9947,112,0,30872,14613,6804,86,0,10773,12887,6378,7283,1544,1844,3745,4610,8487,10864,4869,5882,1253,1612,2769,3529,11425,8530,2867,2296,897,659,2847,2067,9555,7463,2347,1946,738,561,2287,1763,5419,3727,2070,1395,439,317,1896,1213,4439,3305,1651,1190,361,261,1453,1021,127,105,56,24,40,26,33,14,99,72,51,28,23,12,18,11,23,22,7,6,0,6,1,1,23,22,17,16,0,6,1,1,668,3678,11223,1133,2,0,451,3162,8647,760,12,0,0,0,0,0,0,0,56,165,264,13,0,0,16,94,197,4,0,0,0,0,0,0,0,0,645,12408,1031,1839,528,751,457,10232,790,1001,345,518,0,0,0,0,0,0,122101,122413,130258,135253,119932,98924
2015-16,03,Punjab,50362,27704.24,29.82,13.73,893,31.9,0,76.68,81.48,71.34,22,146,13195,1782,9171,2593,1754,2743,1869,6,63,143,1323,1390,1353,1722,4,38,57,1270,364,1390,147,2,25,86,613610,602297,134929,174839,238,19673,33374,1578960,243248,389398,60338,156559,187,12751,8533,871014,370362,212899,74591,18280,51,6922,24841,707946,30788,25738,10644,11276,19,900,1714,81117,13533,17954,5184,10002,13,588,573,47858,17255,7784,5460,1274,6,312,1141,33259,0,10,34,88,0,0,0,132,2,1,0,8,1,0,0,12,2593,1754,2743,1869,6,63,143,9171,2588,1654,2739,1841,5,62,142,9031,2566,1548,2733,1783,5,29,102,8766,18,201,4,82,1,33,39,378,4,95,3,28,1,1,1,133,2571,1458,2736,1759,4,29,103,8660,523,1000,495,1016,1,8,41,3084,2593,1754,2742,1869,6,63,143,9170,2592,1754,2742,1869,6,63,143,9169,482,487,515,490,1,13,36,2024,363,454,359,462,1,10,25,1674,2563,1749,2637,1862,5,61,135,9012,815,413,487,52,1,34,93,1895,2568,1742,2700,1830,6,63,141,9050,15,0,13,1,0,1,0,30,924,1052,317,379,0,24,77,2773,2544,1547,2675,1608,6,63,143,8586,53,25,9,4,0,1,12,104,41,37,4,5,0,5,23,115,2236,1722,1832,1784,3,51,114,7742,856,1714,468,1763,1,15,40,4857,2540,1741,2604,1847,6,59,138,8935,1810,1575,1667,1661,3,30,55,6801,486,1691,367,1801,1,15,19,4380,405,1637,292,1722,1,10,19,4086,652,1615,473,1725,1,14,28,4508,328,34,451,52,2,18,67,952,19950,13779,6652,5235,14,668,1203,47643,23706,14631,8715,6436,15,769,1329,55630,244197,280501,56000,79657,111,14733,16968,692167,264932,209017,260047,195256,243796,188343,198694,159196,184256,149372,315,144,8720,3367,7656,3268,1682,720,3365,1539,4937,5468,1988,2024,1389,1614,722,895,767,886,1558,1584,1473,2120,1080,458,257,73,266,324542,148174,211991,101332,192,80,131,57,137839,61713,108976,50738,14383,7379,8210,4051,26739,608,738,18536,251,463,53314,52126,13853,14775,0,0,187948,142209,60513,54601,0,0,308,209,96678,71318,43263,43634,17367,10528,57596,36406,98072,79039,5995,3945,31407,18156,102461,65670,10560,12337,0,0,45243,45089,8078,7184,75253,59133,36733,36381,44201,29230,69815,60066,23437,13407,69630,45741,124933,87770,77552,68847,49,51,34373,29354,111932,82868,56085,55003,38,75,28029,25681,117516,43492,28146,9434,164,95702,36654,22273,4246,243,112712,38918,24380,7963,309,93019,32125,20431,3494,224,58405,42015,39210,39653,61,86,18983,18123,50465,39256,31330,34681,78,35,15772,16248,29347,23699,4911,4218,12,26,4599,3911,26510,22321,4389,3971,12,12,4159,3626,17725,14131,2774,2855,8,5,2328,2415,16212,13605,2534,2700,4,2,2088,2265,3225,1129,4096,2304,0,0,1786,856,3100,1102,3897,2225,0,0,1749,748,79,47,37,19,0,0,11,5,41,42,35,16,0,0,9,5,1368,7061,15892,1086,6,0,1989,15842,35676,1948,9,0,0,0,0,0,0,0,7,24,38,5,0,0,5,52,104,5,0,0,0,0,0,0,0,0,704,17423,2301,2897,1297,865,1250,40770,4434,4365,1534,3277,0,0,0,0,0,0,481982,473349,451412,426034,351639,342835
2015-16,04,Chandigarh,114,1054.69,76.66,17.1,818,18.9,0,86.43,90.54,81.38,1,20,84,20,160,85,5,70,0,0,0,0,9,0,5,0,0,0,0,76,5,65,0,0,0,0,61622,4018,14520,0,0,0,0,80160,4691,0,1475,0,0,0,0,6166,56931,4018,13045,0,0,0,0,73994,2688,206,1057,0,0,0,0,3951,236,0,93,0,0,0,0,329,2452,206,964,0,0,0,0,3622,0,0,1,0,0,0,0,1,,,,,,,,,85,5,70,0,0,0,0,160,84,5,70,0,0,0,0,159,82,5,70,0,0,0,0,157,3,0,0,0,0,0,0,3,1,0,0,0,0,0,0,1,81,5,70,0,0,0,0,156,37,0,34,0,0,0,0,71,85,5,70,0,0,0,0,160,85,5,70,0,0,0,0,160,47,2,41,0,0,0,0,90,44,2,34,0,0,0,0,80,85,5,70,0,0,0,0,160,57,4,16,0,0,0,0,77,85,5,70,0,0,0,0,160,1,0,0,0,0,0,0,1,63,5,22,0,0,0,0,90,85,5,69,0,0,0,0,159,6,1,0,0,0,0,0,7,6,1,0,0,0,0,0,7,85,5,66,0,0,0,0,156,50,4,17,0,0,0,0,71,83,5,67,0,0,0,0,155,85,5,69,0,0,0,0,159,41,3,41,0,0,0,0,85,26,1,15,0,0,0,0,42,25,2,18,0,0,0,0,45,4,0,9,0,0,0,0,13,1374,85,346,0,0,0,0,1805,2114,159,803,0,0,0,0,3076,26752,1589,6397,0,0,0,0,34738,11807,9488,12842,9737,9742,7931,12242,9029,10596,8041,18,5,1100,463,45,11,373,121,282,111,434,274,399,261,223,188,59,31,116,97,65,64,60,68,50,28,21,8,28,5617,2511,5163,2360,75,28,173,89,1077,498,811,374,1828,865,1066,511,909,8,31,805,2,50,2971,2552,35,41,0,0,5384,4454,2812,2476,0,0,2320,1603,5525,4335,2445,2105,772,592,2858,1924,4481,3789,360,287,1612,961,2816,2037,52,167,0,0,2730,2264,304,178,5539,4328,2513,1940,2675,1659,4558,3716,1246,611,3221,2207,7761,6241,1140,1142,23,14,190,248,7449,6066,1073,1086,23,14,188,242,4454,3586,2184,898,0,3716,2143,1852,810,0,3860,2721,2038,715,0,3298,1706,1768,609,0,3050,2534,652,614,15,21,47,61,1948,1885,319,409,13,16,27,44,3177,1686,281,158,21,25,74,50,2789,1513,219,144,19,24,67,49,2022,1749,138,143,8,10,29,20,1794,1540,116,128,7,10,28,22,571,467,146,142,0,0,5,6,455,395,101,104,0,0,4,5,2,0,0,3,0,0,2,0,2,0,0,3,0,0,2,0,17,153,612,90,0,0,29,402,2342,291,3,0,0,0,0,0,0,0,0,0,1,2,0,0,0,0,8,1,0,0,0,0,0,0,0,0,13,581,146,87,34,14,30,2220,564,155,71,36,0,0,0,0,0,0,21344,21321,21545,16708,20948,17943
2015-16,05,Uttarakhand,53483,10116.75,21.54,19.17,963,18.8,2.9,79.63,88.33,70.7,13,95,11989,995,3512,487,1600,164,895,235,116,15,274,1399,105,855,216,90,9,213,199,59,40,19,26,6,179781,410036,13810,52078,14002,25536,2051,697294,91695,326759,8848,48429,12111,19265,1104,508211,88086,81877,4962,3649,1891,6271,947,187683,4114,22750,589,5393,1251,1034,130,35391,2309,19819,354,5186,1159,841,69,29824,1805,2900,235,207,92,193,61,5536,0,8,2,25,8,3,0,46,2,1,1,2,14,3,0,23,487,1598,164,893,218,115,15,3490,484,1485,161,868,215,108,14,3335,461,1449,159,818,204,105,9,3205,24,138,4,62,16,9,6,259,3,85,3,13,1,2,1,108,460,1377,157,820,218,105,8,3145,104,114,21,24,14,11,1,289,487,1569,164,865,207,110,15,3417,483,1545,162,772,151,96,15,3224,81,282,24,196,43,21,6,653,59,218,17,155,29,11,3,492,473,1480,156,810,176,97,6,3198,273,66,41,23,24,15,3,445,480,1009,159,652,116,82,13,2511,10,8,1,3,4,2,0,28,0,47,0,4,19,13,0,83,474,1031,156,514,86,79,10,2350,40,53,6,16,4,9,0,128,36,27,5,3,3,5,1,80,413,629,82,119,21,24,5,1293,250,162,39,23,7,17,3,501,465,926,144,415,75,50,7,2082,353,1227,84,740,134,65,7,2610,131,1341,39,738,199,77,8,2533,67,1369,17,742,181,75,8,2459,108,1435,26,770,183,79,9,2610,38,30,27,85,142,19,5,346,4542,9810,534,1785,526,674,67,18270,2555,5719,366,1633,344,296,77,11078,81494,201414,5830,27831,7413,12147,1371,337500,101600,93642,101104,90991,102346,94172,78127,75976,78217,76361,647,442,5789,3865,10552,7746,2089,1249,6140,5523,484,435,344,277,317,299,163,154,174,133,773,766,727,906,297,133,217,54,157,94724,46172,62266,31890,12812,6470,11232,5844,78342,38175,56560,28029,29053,14744,16602,8995,8056,767,1296,6138,635,986,39701,35059,6794,6935,0,0,39113,35774,34717,30713,0,0,16021,15782,35781,31546,35511,30520,5303,5285,15705,13987,36599,33793,1462,1742,8107,7810,30236,29859,4517,5319,0,0,28276,26065,8618,7617,24681,23825,25665,24350,12574,12237,23195,22998,8079,8530,20739,21396,52894,47801,22862,21758,3138,3476,17572,16130,42296,40423,14330,15444,2136,2495,11979,12363,33480,31569,6658,47,410,47936,18930,4019,13,184,33058,32482,5984,50,372,48290,19100,3786,16,130,15457,24894,7811,11045,1397,2171,5233,9036,11663,20404,5524,8496,831,1431,3487,6801,24761,13578,6263,2649,1398,703,7530,3320,19919,11579,4476,2079,945,571,5114,2640,5774,3686,767,353,155,86,1221,570,4069,3007,556,285,113,102,793,456,82,18,9,3,0,0,26,6,41,14,6,2,0,0,32,4,232,85,83,23,9,0,125,72,323,60,69,17,10,0,132,55,352,2019,20286,496,28,14,160,1118,8705,245,15,12,0,0,0,0,0,0,16,115,983,2,1,1,10,56,752,4,1,0,0,0,0,0,0,0,797,20539,776,893,336,972,405,9245,408,363,131,526,0,0,0,0,0,0,193393,193890,197590,200769,150799,162100
2015-16,06,Haryana,44212,25353.08,24.12,19.9,877,20.2,0,76.64,85.38,66.77,21,126,7438,1523,7663,2329,1924,1926,1437,0,46,1,1364,1626,1171,1326,0,41,0,965,298,755,111,0,5,1,677656,521186,147058,119727,0,8665,753,1475045,321769,365802,86495,107022,0,7409,0,888497,355887,155384,60563,12705,0,1256,753,586548,29494,34368,9517,11530,0,470,18,85423,15493,26828,5750,10427,0,403,0,58907,14001,7540,3767,1103,0,67,18,26516,1,6,20,17,0,1,0,45,2,1,0,5,0,1,0,9,2329,1922,1926,1436,0,45,1,7659,2324,1763,1924,1358,0,39,1,7409,2310,1621,1922,1257,0,39,1,7150,17,301,2,176,0,0,0,496,5,156,2,78,0,0,0,241,2307,1467,1922,1183,0,46,1,6926,861,981,520,644,0,24,1,3031,2329,1923,1926,1437,0,41,1,7657,2329,1920,1926,1431,0,42,1,7649,731,954,445,639,0,26,0,2795,678,883,394,560,0,21,0,2536,2308,1923,1868,1434,0,41,1,7575,847,59,291,31,0,21,0,1249,2326,1899,1914,1416,0,40,1,7596,1,0,0,0,0,0,0,1,677,362,127,129,0,2,1,1298,2242,1796,1818,1276,0,28,1,7161,55,21,5,0,0,3,0,84,42,18,2,8,0,7,0,77,1983,1223,1158,500,0,10,1,4875,866,1427,440,958,0,12,0,3703,2252,1717,1761,1226,0,37,1,6994,1838,1798,1344,1342,0,17,0,6339,50,1829,25,1388,0,37,0,3329,255,1713,141,1274,0,24,0,3407,453,1637,287,1210,0,28,1,3616,411,9,202,11,0,43,0,676,20810,14806,5571,3917,0,364,14,45759,17823,15837,5492,4510,0,265,4,43947,262661,263056,54911,64928,0,3257,342,649155,252292,209948,256443,200143,237023,185481,162242,129804,170182,133727,503,362,8740,5314,7818,5316,1392,511,2039,694,2214,1587,1692,1116,902,719,439,439,480,447,1681,1656,1447,2667,1017,549,633,157,455,211323,100591,102513,49165,0,0,0,0,262620,113877,170162,75112,27650,8911,12073,3479,24168,803,986,18262,488,630,110061,101131,36215,30873,0,0,87256,67362,88092,71541,0,0,38841,28461,78672,58678,97527,84351,12023,9463,36533,26390,84697,61817,4111,3531,16931,12661,54799,39313,26244,22359,0,0,58647,50189,31117,25448,47594,36196,60274,49471,20906,14693,48373,37249,8851,6367,30418,21559,113446,82484,44801,41317,0,0,66055,51954,86613,63852,17520,15179,0,0,37222,29774,70465,54219,37379,179,0,66431,32101,30995,282,1,75445,57185,37242,295,12,68962,32027,32490,235,10,36228,31590,16380,17598,0,0,23010,22476,21549,23160,7325,9750,0,0,11335,14357,35958,19739,5752,2845,0,0,16424,7865,27229,17119,3652,2184,0,0,10705,6105,23963,20101,4456,3379,0,0,9516,7419,17145,16784,2287,2275,0,0,5293,5299,105,100,57,77,0,0,51,117,55,48,44,41,0,0,48,75,3,15,1,5,0,0,2,9,3,19,1,4,0,0,1,9,1247,11093,26021,2976,33,0,903,10551,28952,3408,46,0,0,0,0,0,0,0,10,41,53,2,0,0,1,34,49,3,0,0,0,0,0,0,0,0,1625,33902,2136,1428,1162,1223,1501,36091,2883,1053,949,1470,0,0,0,0,0,0,487156,476340,447347,416612,321562,311839
2015-16,07,Delhi                         ,1483,16753.24,77.03,20.96,866,16.8,0,86.34,91.03,80.93,9,69,1201,69,2061,1135,545,260,117,0,3,1,30,26,10,4,0,0,0,1105,519,250,113,0,3,1,744072,386687,34136,41786,0,1441,29,1208151,13594,7187,649,408,0,0,0,21838,730478,379500,33487,41378,0,1441,29,1186313,30433,13744,1616,1418,0,92,2,47316,571,361,44,24,0,0,0,1000,29862,13383,1572,1394,0,92,2,46316,,,,,,,,,,,,,,,,,1135,545,260,117,0,3,1,2061,1028,272,253,71,0,2,1,1627,1002,362,256,83,0,2,1,1706,133,183,4,34,0,1,0,355,107,273,7,46,0,1,0,434,895,89,249,37,0,1,1,1272,932,500,173,108,0,3,0,1716,1135,545,260,117,0,3,1,2061,1135,545,260,117,0,3,1,2061,896,485,177,100,0,2,0,1660,896,485,177,100,0,2,0,1660,1134,545,259,117,0,3,1,2059,998,367,213,74,0,2,1,1655,1131,545,260,117,0,3,1,2057,4,0,1,0,0,0,0,5,953,494,83,96,0,2,0,1628,1125,539,257,114,0,3,1,2039,6,1,0,0,0,0,0,7,4,0,0,0,0,0,0,4,975,401,236,73,0,2,0,1687,435,151,80,30,0,1,0,697,1074,495,236,86,0,2,1,1894,923,358,224,57,0,3,1,1566,65,28,8,1,0,0,0,102,474,281,78,54,0,0,0,887,848,375,213,81,0,3,0,1520,60,60,25,22,0,1,0,168,18003,8452,1097,787,0,40,2,28421,22011,6310,1240,717,0,49,1,30338,370418,167311,11568,20076,0,795,2,570170,195620,175645,233698,194757,136835,126391,148213,133575,119235,115447,387,462,36404,26260,818,518,18703,13852,1588,554,1792,1567,2263,1878,1167,994,1152,909,857,817,903,903,867,1171,931,392,426,149,685,88272,44366,66801,35294,2567,1140,2423,1222,33855,14944,34660,15746,94571,47472,57587,30727,13306,373,1199,12282,292,917,71148,59308,0,0,0,0,78089,69584,72855,55147,0,0,33253,30998,87758,70407,50191,42526,9639,10805,47615,41821,54690,50033,3491,4950,25470,27382,31954,33832,0,0,0,0,51790,43294,0,0,56668,50518,43944,39699,26964,25551,46869,45984,12791,14212,28422,29764,0,0,0,0,0,0,0,0,0,0,0,0,0,0,0,0,74646,31450,38911,3207,0,80317,18068,27670,7519,0,52193,28794,36197,2051,0,63917,17128,29239,5163,0,40322,49719,9738,12415,197,265,3651,3665,34134,46649,7869,11281,164,257,3015,3488,23881,14276,1529,963,203,153,2268,1347,22399,13857,1369,909,195,153,2051,1282,29882,23490,2884,2335,125,134,2206,1748,26924,22546,2373,2188,110,123,1962,1644,1750,4330,390,1246,3,14,139,247,1415,3730,297,1030,3,12,130,232,0,0,0,0,0,0,0,0,0,0,0,0,0,0,0,0,211,2676,13069,1010,12,0,274,5010,23402,1648,4,0,0,0,0,0,0,0,,,,,,,,,,,,,,,,,,,37,14499,1064,1108,270,0,65,26232,1891,1692,458,0,0,0,0,0,0,0,372615,366552,397640,254503,320633,241144
2015-16,08,Rajasthan                     ,342239,68621.01,19.26,21.44,926,17.8,13.5,67.06,80.51,52.66,33,302,41441,10594,28195,15297,1176,10827,398,12,485,0,11965,691,7758,222,6,210,0,3332,485,3069,176,6,275,0,2882268,308553,581759,29552,838,185350,0,3988574,1954163,137468,426701,16039,561,61408,0,2596594,928105,171085,155058,13513,277,123942,0,1391980,101479,9844,41631,1889,70,5960,0,160904,72810,4930,30096,1025,40,1989,0,110902,28669,4914,11535,864,30,3971,0,50002,142,5,375,4,0,0,0,526,5,3,11,2,0,2,0,23,15297,1175,10825,398,12,485,0,28192,15270,1148,10815,393,12,472,0,28110,15051,995,10617,307,11,412,0,27393,164,176,137,89,1,64,0,631,7,15,0,2,0,2,0,26,15126,985,10690,307,11,419,0,27538,3995,352,2957,100,4,142,0,7550,15102,1164,10712,393,12,482,0,27865,14184,1141,9554,378,11,475,0,25743,7971,612,4781,193,5,277,0,13839,4847,357,2690,99,2,167,0,8162,14052,1110,9379,349,10,469,0,25369,4142,481,1550,62,2,208,0,6445,14494,1116,10274,377,11,474,0,26746,110,28,83,2,0,5,0,228,2825,320,362,14,1,198,0,3720,10917,934,8563,306,11,405,0,21136,1046,155,371,19,0,64,0,1655,333,78,169,9,0,27,0,616,6110,639,2962,163,6,271,0,10151,6722,673,2792,194,1,323,0,10705,10961,861,7611,220,11,345,0,20009,13049,949,8447,307,6,385,0,23143,11387,866,6730,279,8,370,0,19640,7542,561,3097,187,0,270,0,11657,8145,647,3593,192,2,279,0,12858,977,105,1615,41,1,10,0,2749,77548,8010,22129,1003,36,4536,0,113418,28664,3159,12936,700,22,1820,0,47308,1194789,137545,253070,14403,374,66771,0,1667083,696532,562444,688648,525376,649417,467798,490908,354113,492518,319796,4451,3204,28609,22947,24588,19300,3888,2477,11344,4758,6092,4424,2041,1278,1394,893,766,482,871,450,2994,3004,2835,5716,1427,960,3661,310,1926,436086,186126,268484,107191,320081,144269,205657,87053,1147391,478404,824370,327430,114963,46853,62637,24704,57876,3864,5029,41948,1466,3312,168807,136112,97212,78692,0,0,277020,217116,164189,126212,0,0,152329,125718,215632,156565,156405,114854,62673,53563,121072,92155,239618,164750,35703,29935,90543,71752,253394,188194,73793,57995,0,0,128821,94575,72750,49718,146829,102454,120746,80580,80251,56563,150718,95204,61214,42526,148301,94297,104392,78365,97407,69291,74403,58969,278131,189596,90075,68463,75555,52549,53022,40730,229969,156714,306343,135704,36401,672,1831,261628,63343,20902,256,1183,316521,126578,36643,806,2088,240940,51737,19731,241,1265,43333,39253,47772,33385,39083,30708,131628,100678,37612,36395,40936,29979,31713,26328,113838,89836,29949,13822,15948,5343,10636,3752,62665,22728,26311,12628,12509,4798,8987,3242,55252,20314,19977,12625,3524,1482,1290,699,16432,7076,17269,11701,2978,1472,999,543,13769,6089,118,119,58,70,20,21,151,130,85,103,50,73,19,16,154,122,543,344,494,273,294,177,1527,875,464,342,395,232,140,97,1425,857,4537,51480,55581,699,71,8,2017,19580,24794,447,33,2,0,0,0,0,0,0,77,564,566,12,1,0,42,204,187,2,0,0,0,0,0,0,0,0,3795,97803,3380,2779,1516,4323,2170,39246,1535,1167,833,2357,0,0,0,0,0,0,1288305,1224944,1192043,1128129,745354,820232
2015-16,09,Uttar Pradesh,240928,199581.48,17.31,20.09,908,20.7,0.6,69.72,79.24,59.26,75,971,98470,9423,24569,2595,8123,959,2842,4831,5205,14,1511,6615,620,2534,4264,4273,11,1084,1508,339,308,566,931,3,1444256,5406311,149719,563587,914387,3480782,6065,11981220,869267,4371297,104478,519028,811038,3034076,4763,9725972,574989,1035014,45241,44559,102823,446654,1302,2254670,20336,74845,3328,11895,22634,41990,85,175352,10303,55636,2002,10495,19668,33833,53,132193,10033,19209,1326,1400,2962,8151,32,43149,0,2,2,6,1,0,0,11,64,275,27,159,872,369,3,1769,2595,8123,959,2842,4811,5204,14,24548,2489,7675,946,2809,4754,5125,12,23810,2300,7353,931,2723,4589,4739,12,22647,284,754,27,116,187,457,1,1826,95,438,12,30,27,74,1,677,2216,6931,920,2696,4617,4674,12,22066,769,2462,256,980,1706,2077,2,8252,2588,8117,958,2838,4724,5203,13,24441,2226,6672,747,2114,3392,4363,7,19521,1083,3709,328,1236,2333,2482,7,11178,942,3128,291,1055,1889,2058,7,9370,2190,6630,709,2070,3184,4249,8,19040,834,2171,215,774,1219,1751,4,6968,2501,7843,917,2703,4253,5069,11,23297,68,299,42,143,218,251,0,1021,593,1429,105,383,570,1265,0,4345,2358,7411,848,2573,3900,4548,11,21649,110,180,25,52,101,182,0,650,74,142,13,55,106,154,0,544,887,1932,155,297,316,626,2,4215,999,3134,238,698,1003,1471,2,7545,1739,5453,640,1807,2383,3158,9,15189,1398,3740,436,1122,1772,2314,3,10785,963,3302,313,1064,2297,2019,3,9961,431,1856,88,388,1028,768,3,4562,570,2391,122,533,1306,914,2,5838,389,1371,243,1109,2393,1075,5,6585,25156,85506,4615,15823,29838,58035,137,227246,9002,14977,1235,2689,7037,11652,19,46683,739079,2467933,67733,251613,426918,1661254,2498,5623972,1871499,1861296,1752574,1555673,1877845,1632690,1310247,1191338,1416582,1244271,8201,7567,15865,11122,44650,27068,12594,7902,23875,13830,10366,8333,1880,1433,1831,1334,1245,1110,1291,953,5562,5455,5290,4540,1776,1360,2312,873,2740,1590827,747997,1101148,524210,53850,25757,32923,15871,3437271,1592654,2626274,1236253,440511,222205,328408,175030,124022,2339,8024,74881,836,4877,501824,484882,269237,244447,0,0,927830,916982,446204,389231,0,0,323489,333839,612732,535009,620751,541326,86754,89064,287096,258984,735453,633563,31536,36410,136780,127655,521191,457371,158893,136524,0,0,368288,335296,232263,199932,455070,412365,382761,337827,218687,199529,464551,409421,109309,107585,336774,296903,247832,216991,222675,193723,6705,6675,538463,465900,207041,194657,170998,161833,5419,5613,428129,405046,629216,428262,41226,12593,95613,765383,208231,23611,10622,82038,681316,483597,40842,12695,91679,814415,209015,22192,9978,83842,69783,119242,64439,108384,1883,3184,141435,272084,64503,111977,56758,99262,1637,3193,127338,253230,110257,48341,78773,26857,2330,1478,223919,75923,98603,45544,69104,25460,2022,1276,201767,70379,14816,9179,6560,3096,295,190,17028,7375,13774,8755,6144,2972,265,243,17741,8264,3262,3165,3647,2805,62,59,7546,6663,2942,3073,2889,2533,61,25,6887,6482,4170,1121,2715,434,51,48,8677,1401,3887,990,2499,425,63,546,7885,1408,997,35233,87528,2372,473,85,364,12271,32119,989,186,26,1,7,9,0,0,109,11,662,1133,35,14,0,10,229,472,15,0,2,0,0,0,0,0,0,2753,84657,3943,6882,1772,28536,967,29876,1459,2542,828,11011,0,14,0,0,0,112,3675032,3692986,3372729,3331344,2700413,2541247
2015-16,10,Bihar,94163,103804.64,8.36,25.07,916,15.9,1.3,63.82,73.39,53.33,38,537,40779,5633,7627,938,92,2281,246,1174,2530,366,767,60,2115,189,1022,2049,238,171,32,166,57,152,481,128,226581,36288,383506,40739,632920,2769323,568495,4657852,157660,20301,361657,32513,552044,2143958,377620,3645753,68921,15987,21849,8226,80876,625365,190875,1012099,2532,893,4722,1194,10436,34139,7778,66406,1581,560,4313,854,9071,24878,4860,50352,951,333,409,340,1365,9261,2918,16054,7,1,28,3,2,2,1,44,4,0,3,4,9,7,15,42,929,92,2274,246,1172,2521,344,7578,891,85,2199,220,1055,2344,326,7120,877,73,2197,176,848,2031,279,6481,9,18,16,45,242,376,47,753,4,6,16,4,26,52,0,108,925,68,2249,197,906,2102,319,6766,217,31,486,28,150,228,116,1256,926,91,2271,244,1152,2501,343,7528,588,78,1297,102,482,1636,251,4434,290,38,846,61,395,1213,111,2954,247,24,758,39,236,841,76,2221,781,87,1900,206,1080,2443,313,6810,233,40,232,36,380,1300,214,2435,755,78,1759,163,750,1804,289,5598,11,4,11,3,14,45,11,99,142,30,87,7,32,124,209,631,511,63,1054,130,634,1240,276,3908,83,24,86,8,70,191,54,516,31,21,41,3,13,46,21,176,148,40,94,11,70,402,68,833,154,39,131,23,144,488,113,1092,667,73,1509,166,914,1971,271,5571,499,55,1279,70,262,678,130,2973,413,64,1202,171,996,2360,182,5388,173,28,432,55,359,712,95,1854,194,33,497,54,347,847,68,2040,73,8,145,4,9,19,15,273,4770,809,4579,943,7440,24230,4593,47688,505,230,943,262,2038,7630,1165,14330,106628,16654,195256,24397,336186,1357756,241600,2278477,1133766,1170384,893323,912563,823364,792177,336076,298735,326612,275002,3272,3127,4914,4242,7017,5874,5092,3131,4717,2619,8502,7004,2715,2082,2359,1814,339,242,322,242,879,841,816,926,262,201,323,298,290,531029,253839,167393,72664,48746,24346,27217,12728,2267209,1126320,723377,335967,400110,217612,144554,74682,24730,3319,3817,12456,593,1466,100310,98766,126020,123026,0,0,812906,836210,303602,309807,0,0,182394,192804,315282,317618,301166,281294,31585,34827,110174,120531,345356,331207,6571,7777,38245,41581,176842,179676,26955,26168,0,0,113381,98079,41900,36688,114049,101954,114946,94874,50008,44956,103422,85801,31683,27578,66344,57639,105007,111248,100100,79092,9775,8456,441038,386179,84363,88084,70265,49006,6612,5756,346227,287872,94973,119436,14715,1079,1367,128246,69550,7619,848,1611,94927,115793,15231,1292,1109,123352,59581,6966,1127,2014,18933,31362,14367,16521,2253,2977,51241,77896,16204,27975,12170,14272,2164,2705,42927,69088,43172,20948,19132,7771,2431,1170,106179,47026,39049,18805,17353,6332,2072,1777,94830,40097,5206,2418,2053,663,430,188,10611,3969,4609,2057,1894,566,317,198,8477,3140,235,259,130,89,11,5,568,419,212,247,122,71,8,5,485,382,800,1040,5,3,1,0,817,1068,680,958,19,39,0,0,886,1072,4111,13536,29354,2298,93,1723,1510,3796,7912,659,36,401,0,2,3,0,0,888,15,17,35,0,0,1,3,5,7,1,0,0,0,0,0,0,0,0,1673,26427,1852,2720,512,17999,594,7971,450,792,123,4400,0,4,0,0,0,889,2293249,2122733,1616397,1421772,562075,519438
2015-16,11,Sikkim,7096,607.69,9.85,12.36,889,4.6,33.8,82.2,87.29,76.43,4,29,756,111,227,80,7,136,4,0,0,0,65,7,123,3,0,0,0,15,0,13,1,0,0,0,31730,1094,11127,319,0,0,0,44289,23279,1094,9720,243,0,0,0,34355,8451,0,1407,76,0,0,0,9934,1793,72,851,22,0,0,0,2747,1381,72,747,12,0,0,0,2221,412,0,104,10,0,0,0,526,0,0,2,0,0,0,0,2,,,,,,,,,80,7,136,4,0,0,0,227,79,5,136,4,0,0,0,224,77,7,136,3,0,0,0,223,3,0,0,1,0,0,0,4,1,2,0,0,0,0,0,3,76,5,136,3,0,0,0,220,10,1,14,0,0,0,0,25,80,7,136,4,0,0,0,227,80,7,136,4,0,0,0,227,15,0,24,0,0,0,0,39,7,0,15,0,0,0,0,22,80,4,129,2,0,0,0,215,42,2,17,1,0,0,0,62,45,4,59,2,0,0,0,110,2,1,1,0,0,0,0,4,72,4,73,1,0,0,0,150,75,6,115,2,0,0,0,198,7,4,10,1,0,0,0,22,8,3,11,2,0,0,0,24,51,5,41,0,0,0,0,97,35,4,20,0,0,0,0,59,69,5,115,2,0,0,0,191,75,5,125,3,0,0,0,208,61,4,112,3,0,0,0,180,53,2,80,1,0,0,0,136,55,2,82,0,0,0,0,139,1,1,2,2,0,0,0,6,857,50,357,13,0,0,0,1281,922,17,406,6,0,0,0,1355,17079,574,5743,233,0,0,0,23630,6980,7340,7749,8366,5261,5874,4137,5032,3512,4358,8,0,650,716,17,21,149,121,6,10,40,40,36,31,10,7,13,9,3,8,31,32,31,36,13,13,8,1,1,1825,963,1064,564,9808,5415,6257,3560,12325,6275,7433,4097,262,118,128,56,558,70,82,423,35,89,376,389,115,122,0,0,1537,1749,560,571,0,0,1927,1941,1336,1590,255,309,1469,1413,1885,2026,984,1059,1671,1848,3853,4057,4022,4506,87,90,0,0,360,416,61,84,740,1024,324,419,1049,1226,619,888,1901,2276,2508,2967,629,604,260,285,1477,1975,1969,2292,593,573,260,257,1392,1759,1921,1990,1883,772,443,506,147,2633,966,512,366,115,1616,718,443,330,100,2320,861,396,293,109,121,215,81,116,527,835,552,901,108,193,57,91,399,690,446,728,153,163,35,33,211,321,329,387,150,144,34,37,178,291,275,310,109,84,28,21,162,127,220,175,81,78,22,16,112,99,176,151,74,76,25,15,164,143,189,177,48,55,17,11,100,106,129,156,21,13,6,5,35,36,59,42,18,10,4,3,28,24,49,26,29,554,749,38,1,2,33,500,765,23,0,1,0,0,0,0,0,0,0,10,9,0,0,0,4,16,13,0,0,0,0,0,0,0,0,0,15,653,54,66,5,599,27,627,45,88,6,562,0,0,0,0,0,0,14624,14716,15293,10151,9207,7287
2015-16,12,Arunachal Pradesh,83743,1382.61,16.48,25.92,920,0,68.8,66.95,73.69,59.57,20,99,2982,234,418,67,53,224,39,0,32,3,34,39,164,35,0,17,1,33,14,60,4,0,15,2,19698,22462,16939,2955,0,26561,207,88822,8348,11777,10982,2690,0,8363,81,42241,11350,10685,5957,265,0,18198,126,46581,639,733,995,213,0,745,19,3350,254,479,678,185,0,342,9,1952,385,254,317,28,0,403,10,1398,0,0,11,0,0,0,0,11,,,,,,,,,67,53,224,39,0,31,3,417,66,53,223,38,0,32,3,415,66,51,219,26,0,32,3,397,0,0,4,11,0,0,0,15,1,0,0,0,0,0,0,1,66,53,220,28,0,32,3,402,11,6,37,1,0,0,0,55,67,51,219,38,0,30,3,408,64,50,185,34,0,32,3,368,16,12,50,16,0,4,0,98,13,9,37,11,0,2,0,72,52,45,134,22,0,24,1,278,19,9,24,10,0,8,1,71,56,42,174,27,0,29,1,329,0,2,3,0,0,3,0,8,20,28,24,10,0,20,0,102,56,43,158,28,0,26,3,314,30,29,83,15,0,14,0,171,29,32,87,20,0,20,1,189,43,24,61,11,0,13,0,152,24,14,36,5,0,7,1,87,59,38,166,26,0,27,1,317,47,29,138,25,0,18,0,257,49,50,157,30,0,30,1,317,21,30,69,17,0,19,0,156,39,36,93,27,0,19,0,214,6,3,14,14,0,3,3,43,449,411,516,91,0,398,8,1877,171,183,380,58,0,207,7,1009,9537,10907,8119,1556,0,13158,103,43380,16240,16252,15192,13959,12493,12024,9711,9479,8046,7918,42,24,332,236,37,56,283,240,331,256,246,315,98,149,91,115,73,121,48,91,45,43,43,43,11,7,15,2,2,159,70,101,44,40290,19822,27155,13559,350,175,212,97,412,195,211,99,959,81,246,398,58,127,3229,3253,955,769,0,0,9187,8924,2608,2492,0,0,2489,2702,7433,6840,2973,2885,936,1024,2759,2749,6693,6524,399,349,1437,1109,2827,2615,542,707,0,0,1984,1749,697,722,4400,4287,1988,1862,1800,1816,3387,3319,985,920,1974,2015,2756,2456,63,48,9782,9852,108,61,2441,2061,63,49,9734,7227,76,57,7160,1200,381,0,0,6984,1254,206,0,0,5685,1245,337,0,0,5641,1189,262,0,0,1225,1015,3,4,4638,4605,19,19,764,708,2,3,2971,3173,15,18,331,271,19,11,1056,962,30,29,286,235,16,8,844,821,27,25,74,72,2,1,219,192,5,3,63,61,2,1,171,162,4,3,0,0,0,0,0,0,0,0,0,0,0,0,0,0,0,0,0,0,0,0,0,0,0,0,0,0,0,0,0,0,0,0,21,1003,1285,24,0,0,10,411,573,12,0,0,0,0,0,0,0,0,0,7,1,0,0,0,0,2,1,0,0,0,0,0,0,0,0,0,56,1643,63,73,40,466,41,674,30,32,18,214,0,0,0,0,0,0,33824,32123,29107,23676,19490,15579
2015-16,13,Nagaland,16579,1980.6,17.31,-0.47,931,0,86.5,80.11,83.29,76.69,11,47,1478,125,736,105,46,379,179,3,3,21,35,30,222,169,3,2,8,70,16,157,10,0,1,13,36328,16420,23824,7917,113,1006,4809,90417,7355,7227,11914,7335,113,894,1859,36697,28973,9193,11910,582,0,112,2950,53720,1412,996,1755,939,39,59,354,5566,356,487,893,869,39,53,159,2856,1056,509,862,70,0,6,195,2710,1,0,10,7,0,0,0,18,,,,,,,,,105,46,379,179,3,3,21,736,105,45,379,179,3,3,21,735,102,46,374,179,3,3,20,727,2,0,0,0,0,0,1,3,0,1,0,0,0,0,0,1,103,45,379,179,3,3,20,732,20,2,48,10,1,0,7,88,99,38,354,147,3,2,20,663,104,41,343,135,3,3,21,650,10,11,43,41,0,1,5,111,5,7,27,28,0,1,4,72,94,37,251,82,3,2,21,490,33,5,47,8,0,1,14,108,99,33,311,121,1,3,18,586,3,0,4,3,0,1,0,11,29,25,16,25,1,1,4,101,102,45,341,136,3,3,17,647,33,6,62,8,0,1,9,119,31,6,55,10,0,1,8,111,78,10,121,10,0,0,11,230,38,12,57,16,0,0,7,130,84,25,250,91,3,3,8,464,62,21,200,60,3,2,9,357,74,41,239,162,2,3,17,538,24,19,118,69,0,2,10,242,44,27,170,90,2,2,10,345,2,3,13,13,0,0,0,31,830,282,885,392,6,21,119,2561,786,507,837,305,11,35,192,2680,18536,8413,11279,4211,62,511,1843,44855,17486,16955,18305,18001,11343,11566,8853,8465,7061,6823,102,95,1996,1936,469,390,519,290,398,142,177,173,249,284,81,118,25,39,25,16,40,40,38,43,12,4,8,2,1,1176,569,621,272,53136,26722,28141,13848,753,343,393,180,1003,428,399,164,1580,111,130,627,17,38,1004,856,104,108,0,0,9616,9407,1310,1276,0,0,4309,4354,8002,8067,609,666,1706,1501,4957,4933,5564,5598,851,837,3932,3617,5170,5302,5,5,0,0,511,403,11,16,4007,4161,480,343,2424,2289,2809,2889,1906,1607,3761,3575,720,617,233,187,6291,6519,178,161,610,485,203,150,4868,5021,98,77,6818,1440,449,0,88,6764,1287,295,0,78,5206,1247,511,0,10,5201,1163,356,0,42,130,191,41,55,2898,3481,37,53,111,155,40,77,2123,2702,44,63,93,69,41,46,1075,823,29,15,84,68,32,26,857,758,29,16,171,111,30,17,302,190,41,26,115,94,18,16,189,136,36,23,0,0,0,0,9,35,0,0,0,0,0,0,0,0,0,0,0,0,0,0,12,64,0,0,0,0,0,0,5,31,0,0,208,1648,961,59,0,0,156,1208,1276,34,2,0,0,0,0,0,0,0,0,10,0,0,0,0,1,3,0,0,0,0,0,0,0,0,0,0,43,757,30,264,40,1752,58,836,26,160,21,1579,0,0,0,0,0,0,37409,35207,32771,20241,15213,12897
2015-16,14,Manipur,22327,2721.76,21.16,18.65,987,3.8,35.1,79.85,86.49,73.17,9,35,2422,225,1109,100,22,706,153,40,21,67,75,16,546,94,33,7,46,25,6,160,59,7,14,21,40761,7753,50859,7798,1873,11188,25635,145867,30206,5918,35673,5694,1714,3892,13071,96168,10555,1835,15186,2104,159,7296,12564,49699,1682,516,4522,990,219,912,1344,10202,1287,303,3375,623,183,281,855,6912,395,213,1147,367,36,631,489,3290,0,0,13,1,0,0,0,14,,,,,,,,,100,22,706,153,40,21,67,1109,100,21,705,150,37,20,66,1099,99,22,698,139,35,20,61,1074,1,0,7,11,3,1,6,29,0,1,1,0,0,1,1,4,99,21,698,142,37,19,60,1076,35,5,107,10,0,3,14,174,100,22,700,153,39,21,67,1102,100,21,607,133,16,20,64,961,16,10,211,82,1,1,2,323,16,10,181,79,1,1,1,289,91,22,499,124,22,20,63,841,58,11,156,7,3,8,50,293,82,20,441,97,19,19,56,734,0,0,2,0,0,0,0,2,33,13,42,2,1,12,32,135,98,21,655,128,26,20,62,1010,44,10,134,4,1,2,17,212,44,9,134,6,2,3,18,216,65,14,163,7,1,10,39,299,46,7,166,28,2,7,33,289,87,15,514,123,29,19,45,832,55,18,308,63,7,8,17,476,38,14,354,131,26,17,23,603,21,11,177,90,13,15,20,347,31,15,235,75,14,12,18,400,3,1,30,5,0,1,21,61,916,207,1904,350,112,234,523,4259,724,239,1999,467,66,486,631,4617,19614,3530,24905,4311,953,5324,12194,70831,25612,25097,22114,21612,21443,20401,15853,14621,15626,14197,53,54,126,102,97,109,192,182,293,338,296,248,133,116,103,89,17,22,9,5,120,120,121,99,63,37,48,12,52,3811,1872,2723,1318,32169,16047,21029,10396,19920,9541,11798,5580,6646,3210,3073,1364,2249,177,521,1100,33,164,3794,3880,22,208,0,0,18542,17495,2627,2293,0,0,2727,3167,17526,17152,2438,2476,444,466,1344,1355,17249,16365,105,89,595,604,1756,1560,53,54,0,0,3532,3285,144,98,9688,9155,4239,3539,1872,1683,8586,8304,708,444,2657,2256,6511,6623,823,847,5471,5653,4741,4276,5457,5360,658,650,4735,4703,4058,3408,3925,11511,366,0,0,3869,10457,272,0,0,3788,11455,319,0,0,3640,10247,270,0,0,814,801,93,90,1554,1527,239,217,528,573,64,67,1264,1258,167,142,5302,4995,551,578,2466,2498,2781,2569,3864,3956,441,442,2004,1948,2485,2204,129,128,7,9,92,73,26,31,83,98,4,7,66,69,16,24,0,0,0,0,0,0,0,0,0,0,0,0,0,0,0,0,0,0,0,0,0,0,0,0,0,0,0,0,0,0,0,0,46,2681,2618,212,6,0,56,1712,2591,196,3,0,0,0,0,0,0,0,0,11,10,1,0,0,0,31,28,0,0,0,0,0,0,0,0,0,173,1840,119,469,47,2937,139,2050,118,231,25,2054,0,0,0,0,0,0,50941,49619,43564,40731,28369,28908
2015-16,15,Mizoram                       ,21081,1091.01,40.42,22.78,975,0.1,94.4,91.58,93.72,89.4,8,36,851,169,753,0,0,0,0,615,0,138,0,0,0,0,324,0,35,0,0,0,0,291,0,103,0,0,0,0,41534,0,22986,64520,0,0,0,0,15927,0,2642,18569,0,0,0,0,25607,0,20344,45951,0,0,0,0,4394,0,1536,5930,0,0,0,0,2129,0,252,2381,0,0,0,0,2265,0,1284,3549,0,0,0,0,1,0,0,1,0,0,0,0,1,0,0,1,0,0,0,0,615,0,138,753,0,0,0,0,612,0,137,749,0,0,0,0,607,0,138,745,0,0,0,0,2,0,0,2,,,,,,,,,0,0,0,0,613,0,138,751,0,0,0,0,111,0,16,127,0,0,0,0,582,0,131,713,0,0,0,0,553,0,131,684,0,0,0,0,303,0,20,323,0,0,0,0,239,0,1,240,0,0,0,0,325,0,34,359,0,0,0,0,31,0,6,37,0,0,0,0,221,0,78,299,0,0,0,0,1,0,0,1,,,,,,,,,0,0,0,0,341,0,93,434,0,0,0,0,85,0,33,118,0,0,0,0,85,0,32,117,0,0,0,0,118,0,27,145,0,0,0,0,30,0,11,41,0,0,0,0,188,0,40,228,0,0,0,0,160,0,26,186,0,0,0,0,414,0,0,414,0,0,0,0,395,0,6,401,0,0,0,0,458,0,32,490,0,0,0,0,154,0,46,200,0,0,0,0,1551,0,524,2075,0,0,0,0,1541,0,689,2230,0,0,0,0,20710,0,11749,32459,11263,10296,11200,10910,9624,9800,5510,5748,5727,6001,33,40,761,549,1056,1086,112,78,462,388,354,395,161,241,205,255,31,29,31,29,15,17,17,15,2,0,2,0,0,703,333,74,29,40205,20064,22632,11587,192,91,52,26,62,28,23,10,1008,249,294,336,77,111,736,817,31,28,0,0,3685,3687,859,1041,0,0,4434,3987,3556,3857,697,925,1688,1351,4018,3878,2718,3241,720,454,2736,2106,6209,5634,4,8,0,0,546,694,59,70,1903,2099,615,770,1855,1878,1928,2183,1202,1069,3125,2978,91,52,27,33,6256,7042,18,9,81,46,25,31,5205,5804,17,8,3638,1148,298,181,6,4073,1008,243,123,22,3859,1027,299,207,2,4387,918,234,111,20,6,14,5,8,2478,2921,1,1,7,11,5,7,2059,2334,36,91,35,19,12,6,727,727,5,4,31,19,41,43,620,594,18,34,0,3,1,0,213,231,8,1,0,3,1,0,184,198,10,7,1,0,0,0,143,99,0,0,1,0,0,0,117,85,0,0,0,0,0,0,0,0,0,0,0,0,0,0,0,0,0,0,111,2032,1527,29,1,0,77,1062,1075,12,1,0,0,0,0,0,0,0,0,0,0,0,0,0,0,3,0,0,0,0,0,0,0,0,0,0,407,1541,32,23,12,1685,280,839,32,19,8,1052,0,0,0,0,0,0,22945,21783,20964,19747,11890,10672
2015-16,16,Tripura,10486,3671.03,14.87,14.75,961,17.8,31.8,87.75,92.18,83.15,8,71,1101,368,1014,343,68,593,10,0,0,0,250,45,531,7,0,0,0,93,23,62,3,0,0,0,117286,26516,53183,959,0,0,0,197944,78651,16900,47458,641,0,0,0,143650,38635,9616,5725,318,0,0,0,54294,6095,1379,2944,50,0,0,0,10468,3822,836,2551,31,0,0,0,7240,2273,543,393,19,0,0,0,3228,0,1,7,0,0,0,0,8,,,,,,,,,343,68,593,10,0,0,0,1014,339,64,593,10,0,0,0,1006,335,60,592,6,0,0,0,993,5,8,1,4,0,0,0,18,4,4,0,0,0,0,0,8,334,56,592,6,0,0,0,988,72,9,74,1,0,0,0,156,340,68,581,9,0,0,0,998,338,67,454,9,0,0,0,868,117,24,189,3,0,0,0,333,107,20,165,3,0,0,0,295,245,59,321,5,0,0,0,630,21,9,10,0,0,0,0,40,232,45,206,5,0,0,0,488,3,0,0,0,0,0,0,3,20,6,36,0,0,0,0,62,290,65,352,10,0,0,0,717,74,32,35,1,0,0,0,142,58,15,52,2,0,0,0,127,41,7,30,0,0,0,0,78,185,51,124,4,0,0,0,364,290,60,478,7,0,0,0,835,229,33,362,6,0,0,0,630,271,55,440,9,0,0,0,775,273,52,434,8,0,0,0,767,287,58,446,9,0,0,0,800,4,1,7,3,0,0,0,15,2032,487,1194,23,0,0,0,3740,2175,382,702,21,0,0,0,3280,57255,11062,27441,638,0,0,0,96396,32845,32223,42436,42097,28387,28261,16252,13837,14473,12201,324,260,9738,10039,5171,5217,826,488,668,437,239,167,203,194,116,89,28,20,47,41,111,109,105,80,20,3,14,8,3,28875,14343,11490,5142,51299,24866,14478,6344,28562,14330,14388,6628,13766,7721,4145,1984,1762,277,442,867,169,211,1221,1238,2,0,0,0,28366,27842,1539,1734,0,0,2589,2423,25181,24666,1096,1181,541,551,10958,10920,16671,16345,128,169,4756,4777,10620,10735,50,54,0,0,848,882,276,379,9328,7693,1029,727,4219,3741,8057,6699,1807,1467,5111,4396,5115,5095,4266,3970,6577,5314,4856,4568,4213,3943,3158,2753,3458,2538,3820,3429,12287,2887,1026,0,19,11644,1956,220,0,0,11069,2493,869,0,15,10171,1773,236,0,4,2405,2432,2323,1768,2724,2209,2478,2200,2071,2074,1799,1423,1880,1683,1989,1906,1018,665,502,294,331,241,655,373,928,583,424,245,263,219,610,389,372,94,141,28,185,34,184,66,321,70,123,23,125,32,156,46,0,1,0,1,0,0,0,0,0,0,0,0,0,0,0,0,15,1,0,0,0,0,0,0,14,1,0,0,0,0,0,0,31,3141,3948,42,2,0,17,942,2294,23,0,0,0,0,0,0,0,0,1,7,15,1,0,0,0,4,0,0,0,0,0,0,0,0,0,0,149,2336,52,1694,58,2899,88,1115,28,701,10,1338,0,0,0,0,0,0,66716,66087,87312,59662,29520,26840
2015-16,17,Meghalaya                     ,22429,2964.01,15.32,27.82,986,0.6,86.1,75.48,77.17,73.78,11,41,6166,609,1555,29,31,107,151,997,64,176,15,18,74,111,867,49,106,14,13,33,40,130,15,70,8482,8964,6462,16635,63659,16720,38156,159078,3747,4418,3776,10798,52513,12383,10813,98448,4735,4546,2686,5837,11146,4337,27343,60630,597,538,591,1159,5658,924,1678,11145,264,231,380,747,4725,660,741,7748,333,307,211,412,933,264,937,3397,0,0,0,5,10,0,3,18,0,0,0,0,21,0,4,25,29,31,107,151,970,64,173,1525,27,30,96,133,667,54,144,1151,25,28,99,128,675,56,135,1146,3,3,0,7,22,4,13,52,1,0,2,1,5,1,0,10,25,28,105,143,970,59,163,1493,8,3,6,3,27,7,4,58,29,31,93,134,734,59,155,1235,29,29,97,135,661,61,161,1173,12,10,14,38,129,17,21,241,7,7,3,26,55,6,9,113,26,24,43,63,249,40,99,544,18,5,8,12,19,5,50,117,29,20,79,88,442,39,119,816,1,0,3,1,7,4,1,17,10,12,5,5,8,12,16,68,28,29,94,119,487,51,147,955,5,10,11,11,48,8,16,109,5,13,15,15,75,12,23,158,21,14,32,30,71,23,65,256,8,10,7,16,42,9,24,116,25,25,70,103,499,42,120,884,18,13,37,66,325,21,44,524,15,22,48,85,616,46,63,895,7,5,11,14,129,10,30,206,9,6,15,28,240,17,21,336,4,0,13,8,254,4,38,321,244,195,245,372,2241,346,669,4568,357,263,374,579,2633,446,1085,5737,4165,4748,3332,9110,34118,8950,20489,84912,32324,36740,27487,30880,21782,25346,12926,14433,11971,14253,1348,1469,2458,2863,1771,2060,340,358,729,660,209,177,90,101,50,53,13,10,11,15,62,62,61,77,16,10,16,2,4,1444,780,999,512,94028,50603,46615,25481,1202,620,924,425,3439,1658,1617,653,2058,567,577,879,52,126,2223,2345,71,82,0,0,7666,8225,1513,1619,0,0,11442,13752,9426,10764,1775,2128,6653,7858,8846,9964,8096,9295,4340,4560,7631,8451,11911,13923,24,25,0,0,1012,847,317,293,5185,5820,1754,1924,4004,4553,3936,4931,2701,3188,5964,7105,1760,1596,161,181,13190,15404,156,142,1412,1242,124,139,9380,11100,117,112,9328,2084,1504,0,0,11250,2267,933,0,0,8470,2021,1471,0,0,11148,2161,954,0,0,515,540,59,67,6665,9230,53,63,342,438,47,90,5030,7417,44,54,402,261,32,27,1464,1546,29,19,306,233,28,48,1145,1276,32,19,419,256,17,14,964,685,25,13,338,234,12,13,669,509,19,11,0,0,0,0,5,4,0,0,0,0,0,0,5,4,0,0,0,0,0,0,0,0,0,0,0,0,0,0,0,0,0,0,229,3320,1735,73,0,10,150,2918,2500,110,1,5,0,0,0,0,0,0,4,29,8,0,0,0,2,30,18,3,0,0,0,0,0,0,0,0,33,1555,82,267,33,3438,52,1995,88,260,38,3304,0,0,0,0,0,0,71536,66036,56199,43331,22372,22122
2015-16,18,Assam,78438,31169.27,11.03,16.93,954,7.2,12.4,73.18,78.81,67.27,27,145,21833,3416,9062,248,687,1677,1302,4008,319,821,146,528,1181,1053,3704,285,594,102,159,496,249,304,34,227,58034,263892,79825,172190,504234,72605,243653,1394433,24595,191316,51016,138849,468473,67520,155741,1097510,33439,72576,28809,33341,35761,5085,87912,296923,2935,14380,9032,13748,35593,3443,12788,91919,1418,10186,6067,11078,32977,3155,7915,72796,1517,4194,2965,2670,2616,288,4873,19123,1,1,18,13,63,0,4,100,3,0,3,1,5,1,3,16,248,687,1677,1302,4007,319,821,9061,235,618,1534,1142,3124,263,681,7597,221,577,1476,876,2588,228,620,6586,5,44,5,244,454,9,48,809,1,35,2,34,5,2,0,79,242,608,1670,1024,3549,308,773,8174,67,74,229,167,568,41,91,1237,239,673,1616,1242,3592,285,800,8447,229,643,1339,1086,2574,214,715,6800,62,159,199,324,511,55,158,1468,42,92,60,159,195,24,69,641,210,618,1144,1042,2281,194,668,6157,118,78,192,49,40,13,313,803,215,542,1322,774,1393,199,641,5086,0,0,8,1,1,0,2,12,51,110,41,5,1,5,112,325,210,430,1259,561,935,89,509,3993,35,40,100,22,30,12,100,339,31,27,82,14,28,5,132,319,128,94,294,126,228,17,135,1022,92,106,172,117,246,25,131,889,191,504,1034,828,2630,166,552,5905,123,308,593,587,1273,67,170,3121,86,654,500,1164,3455,272,489,6620,36,397,134,692,1683,131,287,3360,71,312,250,615,1629,112,212,3201,55,9,298,22,56,10,143,593,1915,4576,4224,3964,11934,1681,4273,32614,1444,5201,4435,4748,9871,920,4849,31468,26975,120480,34867,95152,274382,36753,116067,704676,258674,279266,262049,281388,203493,218710,120468,109223,103747,95355,1022,843,17289,20744,11328,14958,1589,1393,3509,3305,3082,2656,1176,1053,791,740,116,58,88,94,250,252,246,268,119,81,108,36,28,97960,50534,36276,16822,169439,85175,76341,36269,289807,147730,122099,58686,243450,134848,82074,39934,10605,7653,6057,5086,1320,1479,27470,29028,5108,5582,0,0,152346,159930,34028,35871,0,0,63586,72333,138276,145075,28116,29235,11784,14132,61730,67667,108588,114154,3488,3843,22907,27193,66789,75321,2744,2248,0,0,18067,16838,2677,2677,58184,52708,17991,16893,30229,28085,48877,44490,11244,9344,34202,31295,63560,68950,16466,17276,32240,33385,52959,55452,49210,47028,10679,9769,19907,17773,36200,33406,74076,14327,8879,698,537,77318,7901,3846,297,404,65058,12559,6743,471,305,67755,6752,3475,163,243,28188,32601,6807,7091,14756,15706,22208,25746,21706,25654,5138,5285,10752,11484,16885,19746,7532,3603,1128,586,2058,1089,4271,2132,6254,2983,983,488,1829,975,3671,1782,4197,1988,846,300,1169,482,2673,952,3390,1700,680,265,881,348,2143,910,410,131,86,33,121,36,348,100,227,95,56,25,83,31,263,83,427,163,11,9,3,5,67,65,294,106,7,6,2,4,43,41,2640,40015,16265,1490,0,0,1359,17882,11292,914,0,0,0,0,0,0,0,0,4,27,10,0,0,0,1,14,5,1,0,0,0,0,0,0,0,0,188,7091,312,2525,305,50030,90,5184,210,1492,158,24334,0,0,0,0,0,0,593778,578038,535405,406365,186269,190630
2015-16,19,West Bengal                   ,88752,91347.74,24.55,13.93,947,23.5,5.8,77.08,82.67,71.16,21,470,41179,3799,10194,601,6284,363,2933,0,1,12,229,4776,239,2154,0,1,10,371,1508,124,779,0,0,2,158108,3778115,20661,434298,0,182,4178,4396046,65704,2920396,13989,353868,0,182,3293,3357819,92404,857719,6672,80430,0,0,885,1038227,7154,73640,1515,13793,0,8,115,96277,2184,53432,924,10324,0,8,92,67004,4969,20208,591,3469,0,0,23,29272,1,3,18,24,0,0,0,46,3,0,1,6,0,0,0,10,601,6284,361,2932,0,1,12,10191,535,5801,331,2718,0,1,11,9397,508,5273,334,2191,0,1,10,8317,57,1002,13,734,0,0,2,1808,57,481,20,215,0,0,1,774,487,4801,330,1984,0,1,9,7612,108,1423,68,502,0,0,1,2102,601,6268,360,2912,0,1,12,10154,582,6195,329,2798,0,1,11,9916,132,3458,58,1415,0,0,2,5065,113,3260,50,1324,0,0,2,4749,488,6090,267,2689,0,1,11,9546,228,1817,84,36,0,0,3,2168,528,5254,283,2043,0,0,11,8119,12,2,13,2,0,0,0,29,135,1265,23,14,0,1,5,1443,433,4276,253,1728,0,1,6,6697,52,1037,40,247,0,0,2,1378,39,297,25,102,0,0,1,464,278,3014,107,579,0,0,7,3985,149,1574,48,459,0,0,1,2231,393,4337,233,1618,0,0,6,6587,318,4350,190,1930,0,1,5,6794,124,2670,82,1088,0,0,3,3967,54,1518,32,537,0,0,4,2145,56,1704,33,729,0,0,3,2525,37,29,75,72,0,1,1,215,4306,53683,766,7757,0,4,105,66687,4049,25553,708,5715,0,5,30,36077,73652,1951529,9583,275482,0,74,1710,2312231,759462,842262,704316,824402,563521,666948,424251,432133,391727,388748,5419,5074,36440,48679,11693,14436,4994,4258,4885,4761,8393,6956,6160,5741,5112,4611,2335,1823,1809,1518,2505,2443,2503,2462,262,202,2967,131,313,769102,398713,408362,194316,156050,81319,76397,36146,464900,255304,275972,138324,754285,461860,366818,205133,29198,3652,4418,22744,3061,3356,202927,207990,69270,73276,0,0,337402,371881,187665,204176,0,0,145195,170541,279025,325467,157838,168697,54820,65032,111688,141609,250007,294252,19127,26810,56670,79874,155678,203990,38369,36325,0,0,116894,112223,44973,41934,164215,168965,112519,105711,69040,76471,144994,146064,35733,38149,89241,95039,235914,282883,137414,140789,26069,27678,81899,96999,211991,240282,109441,106197,19548,18790,70162,74608,322669,56081,29895,14711,482,383145,32730,10501,4847,760,300442,50412,28177,11711,422,345199,29504,9200,3828,584,120964,159090,86480,80221,16599,14805,50874,53592,102055,133689,64757,60933,12199,10539,40029,41263,37156,20182,8165,3623,1005,517,6953,2834,32783,17922,7117,3038,778,352,6059,2535,22999,7440,3843,780,478,173,2942,692,19396,6731,3176,724,405,150,2579,595,9041,2954,3303,969,662,224,2279,737,7572,2658,2716,834,572,210,1871,687,612,545,39,39,24,8,143,110,437,455,51,45,3,2,105,60,725,21229,36657,1163,1,23,519,11901,22741,537,1,33,0,0,1,0,0,10,31,186,163,11,0,0,14,175,153,3,0,0,0,0,0,0,0,0,263,43355,777,1501,280,14013,317,25195,490,885,175,9015,0,0,0,0,0,11,1651858,1568742,1505449,1125441,848918,747909
2015-16,20,Jharkhand,79714,32966.24,18.18,22.34,947,12.1,26.2,67.63,78.45,56.21,24,260,27862,2264,4601,375,407,2084,648,640,186,261,170,343,1807,486,510,148,170,205,64,277,162,130,38,91,176423,106224,280124,208626,264682,211899,336840,1585428,57587,69378,239659,160513,206095,160939,202988,1097769,118836,36846,40465,48113,58587,50960,133852,487659,4282,1822,4582,3875,3014,1778,2895,23036,1313,1264,3558,2754,2235,1296,1938,15037,2969,558,1024,1121,779,482,957,7999,1,15,67,3,1,0,0,87,6,13,24,9,67,1,10,130,373,400,2069,645,637,186,259,4569,363,376,2028,586,582,174,245,4354,363,165,2020,458,485,174,206,3871,6,221,27,152,128,5,43,582,6,8,31,39,26,7,3,120,363,178,2026,457,486,174,214,3898,64,53,242,55,65,25,55,559,372,379,2029,625,625,182,256,4468,331,277,953,379,377,135,207,2659,58,87,555,95,152,45,64,1056,39,43,444,52,71,21,31,701,355,324,1908,593,586,177,235,4178,130,36,161,55,32,11,103,528,340,301,1225,445,421,147,222,3101,14,18,20,9,8,1,13,83,196,36,103,29,15,24,123,526,334,243,1462,533,464,138,197,3371,24,38,65,33,30,26,23,239,13,157,45,29,17,4,17,282,264,125,261,102,31,13,55,851,194,69,184,89,37,11,63,647,319,242,1155,502,403,151,187,2959,250,258,1232,324,274,81,71,2490,145,308,1504,398,546,176,79,3156,87,114,479,146,251,84,40,1201,107,158,466,189,257,89,34,1300,29,228,127,39,11,0,45,479,3916,2030,5214,2631,3768,2093,3164,23072,1945,807,1687,1379,828,390,712,7978,70876,61274,138932,111096,148761,80526,159862,771602,329876,336789,273221,266011,245014,241547,146391,132928,149200,131116,2134,2160,3986,4102,2639,3205,1663,1634,2793,2167,3323,2565,728,787,536,688,126,265,107,218,439,432,425,437,249,127,168,101,89,124154,60181,58438,25963,235567,116528,122653,60734,516302,261416,222201,104973,86565,46673,29856,13832,14529,650,660,6202,116,273,41580,39783,13663,13517,0,0,214685,217981,67319,65485,0,0,56161,59214,128258,120662,57219,55444,13153,14566,44522,45825,122328,116652,4302,5240,19459,20522,65467,69451,15380,11927,0,0,38459,35127,17860,13526,54813,49283,40261,34948,22256,23021,54393,50338,15483,13570,36686,32304,29683,25452,24446,22931,46099,45879,95191,96429,27131,22086,18189,15201,34665,32135,76697,71666,70318,36249,20360,509,839,75631,23033,15441,380,319,72620,35305,20217,769,641,76610,20195,14569,520,301,7311,9686,5744,5946,12109,16319,28435,23973,7548,9011,4673,5071,9722,13558,16158,20046,13568,7773,4139,2099,5216,3631,14615,7414,11769,6390,2987,1650,3433,2869,10196,4972,6702,8595,2084,1718,3753,2506,6951,5142,6022,5203,1619,1444,2631,2183,5160,3904,186,79,106,25,179,241,378,169,89,48,67,28,162,217,378,161,3,3,2,3,10,10,364,364,13,0,0,2,2,2,335,340,736,5483,7636,649,44,0,410,3057,4010,296,18,1,0,1,0,0,0,0,57,307,134,9,2,0,21,101,61,3,0,0,0,0,0,0,0,0,667,8540,619,1343,256,3632,267,5010,275,451,90,1885,0,0,0,1,0,0,686237,670633,536645,477383,288494,273585
2015-16,21,Odisha,155707,41947.36,13.15,13.97,978,17.1,22.8,73.45,82.4,64.36,30,423,39334,4880,10745,157,60,1927,7279,248,0,1074,60,46,1570,6612,237,0,820,97,14,357,667,11,0,254,55529,15684,143383,1031217,36869,0,465499,1748181,15087,12606,102122,908808,35567,0,349341,1423531,40442,3078,41261,122409,1302,0,116158,324650,1965,783,7259,52427,1627,0,10072,74133,691,588,5311,46332,1545,0,7417,61884,1274,195,1948,6095,82,0,2655,12249,0,1,80,82,1,0,1,165,2,0,2,11,1,0,61,77,154,60,1925,7246,248,0,1008,10641,150,59,1885,6781,230,0,997,10102,144,55,1798,5879,210,0,838,8924,5,4,74,808,18,0,126,1035,2,1,1,129,3,0,0,136,150,55,1852,6342,227,0,948,9574,32,16,552,938,13,0,247,1798,157,60,1921,7251,246,0,1009,10644,145,57,1264,5138,174,0,924,7702,49,24,748,2268,68,0,349,3506,37,18,647,1669,44,0,270,2685,148,60,1862,6933,235,0,953,10191,75,24,138,235,2,0,800,1274,142,60,1612,5636,176,0,921,8547,0,0,25,5,0,0,0,30,59,29,51,150,17,0,324,630,125,48,1034,3334,132,0,822,5495,26,33,262,569,6,0,198,1094,16,32,206,442,6,0,188,890,109,42,298,1009,23,0,361,1842,35,21,425,3498,124,0,162,4265,130,53,827,5313,176,0,644,7143,115,52,1426,4299,150,0,405,6447,65,33,1451,6630,222,0,364,8765,22,10,242,1615,34,0,123,2046,29,23,748,4005,91,0,84,4980,32,10,71,119,5,0,200,437,1387,337,4643,18316,780,0,7346,33547,1070,261,3233,14572,415,0,2811,22362,24067,7312,69722,515899,18279,0,230419,865698,360187,341677,327909,320664,301750,300302,132958,127992,119866,116740,145,63,545,297,224,104,358,206,325,216,6316,4795,2961,2400,2177,1802,86,61,101,62,565,561,542,457,202,156,136,139,144,244317,122586,71125,34897,257530,130141,87764,43040,550994,272762,124107,60816,19821,10840,4205,2150,16711,3489,4022,6974,194,687,185597,174011,15001,18985,0,0,135925,130347,146062,139579,0,0,29917,28977,123437,119901,146104,143410,6804,6612,33132,32620,115696,116943,1938,1736,10272,9584,39950,39949,31822,32007,0,0,47686,47339,33322,37180,37042,33917,41901,38965,10574,9974,32188,29262,5834,4755,12455,11333,38206,37704,46653,48358,44131,43589,111867,112199,33932,32731,36562,36210,35961,34396,95136,94419,65059,17060,5109,830,93,69607,13724,2874,614,208,57758,15693,5383,819,116,62782,12323,2876,636,168,13740,18513,7538,8305,8614,9804,12722,14895,9911,13730,8959,6120,5777,6943,9603,12621,9894,6835,2381,1742,2774,2279,5947,4024,8245,5783,2264,1649,1965,1641,4698,3379,4273,2329,892,446,928,548,1605,741,2972,1589,784,471,520,337,1065,598,527,399,211,187,235,225,534,420,405,295,126,130,122,131,328,268,56,49,13,16,14,0,24,42,7,9,5,13,0,0,21,39,5644,31536,13455,826,17,189,2080,12816,6908,452,6,50,0,0,0,0,0,0,22,62,18,2,0,0,11,28,11,0,0,0,0,0,0,0,0,0,1723,30365,2623,6653,313,10094,934,13536,1178,2214,154,4346,0,0,0,0,0,0,720385,698267,632564,592997,13086,11644
2015-16,22,Chhattisgarh,135191,25540.2,16.39,22.59,991,12.8,30.6,71.04,81.45,60.59,27,146,21834,2664,6283,1082,334,540,1251,674,2387,15,367,252,240,1200,610,1899,10,715,82,300,51,64,488,5,253442,74135,30034,132147,77384,970151,2532,1540100,77835,48619,14802,126714,69844,732588,1304,1071763,175607,25516,15232,5433,7540,237563,1228,468337,9830,2158,2320,4617,3049,26069,97,48140,2743,1517,948,4405,2747,20056,53,32469,7087,641,1372,212,302,6013,44,15671,0,0,15,16,9,1,0,41,0,1,2,14,48,8,1,74,1082,334,540,1244,531,2332,15,6078,1080,317,537,1251,582,2248,14,6029,1078,321,538,1248,532,2134,13,5864,4,13,1,3,43,202,2,268,2,17,2,0,2,109,1,133,1076,304,537,1248,629,2076,12,5882,242,111,133,617,125,740,2,1970,1080,334,539,1251,618,2354,15,6191,1075,300,517,1022,442,2223,12,5591,343,169,197,645,265,1072,8,2699,150,108,91,498,121,525,5,1498,1032,309,496,1224,528,2291,10,5890,295,43,94,43,29,223,2,729,989,204,478,635,301,1642,10,4259,2,0,5,0,0,1,0,8,572,121,117,5,317,1803,6,2941,1002,248,495,832,205,1321,7,4110,63,28,19,28,38,366,1,543,53,17,9,23,40,231,1,374,578,71,168,26,46,353,3,1245,426,50,174,89,146,870,3,1758,951,239,441,762,327,1604,13,4337,920,296,449,1194,508,2000,12,5379,741,303,348,1236,628,2323,12,5591,429,193,201,944,484,2120,6,4377,588,246,264,1071,553,2230,10,4962,189,101,120,137,291,249,10,1097,8085,1896,1506,3393,1538,18862,78,35471,5716,892,1348,2091,1237,10821,34,22139,110085,33201,12624,68879,43323,504924,1286,774351,272566,265137,268035,262051,220377,239240,131753,137133,145584,135927,1302,897,31679,26391,28571,28504,3052,2192,16411,8618,4399,3617,1383,1059,857,806,387,290,439,320,1369,1377,1257,1300,411,212,297,32,65,148383,75132,77989,37902,283205,146137,140751,70798,478070,241809,271629,135534,13228,6893,7822,4276,16952,1358,1537,12847,886,1628,27402,27978,4030,4503,0,0,140721,137938,32051,32939,0,0,74153,71581,111024,109928,20773,22967,22559,20617,75521,72883,90583,98559,7731,6943,45409,41798,109022,117713,2186,2667,0,0,16600,18289,3142,2921,54701,59332,18209,18742,34857,35203,54418,53568,23409,21642,69815,60696,18564,17310,29517,31567,53345,59966,98505,106803,14312,13772,15635,16879,29012,31101,58474,63630,54251,49854,20774,1486,5401,65344,50543,17224,947,3048,60098,54199,23367,1559,6358,67727,46810,16975,1102,3314,2512,2568,6814,7722,13884,17485,23237,28195,1910,2033,4784,5690,9403,11732,16921,21901,7811,6473,10100,7560,14187,12102,31741,26113,6467,5690,7722,6277,11143,10088,26548,23127,4799,4489,3118,2017,4527,3246,12405,8526,3833,3913,2179,1458,3030,2279,9071,6811,116,122,288,175,585,429,904,651,90,113,274,139,456,349,784,586,716,386,905,380,2788,1528,2963,1360,555,309,635,283,1704,1028,2184,1054,319,2343,22761,341,19,0,311,2943,18346,375,11,0,0,0,0,0,0,0,18,72,127,1,0,0,13,53,87,0,0,0,0,0,0,0,0,0,3787,13752,563,342,191,7366,1690,12359,628,247,156,7059,0,0,0,0,0,0,552685,543418,555732,436551,269160,286756
2015-16,23,MADHYA PRADESH,308245,72597.57,21.99,20.3,930,15.6,21.1,70.63,80.53,60.02,51,319,54762,3182,14893,3741,244,2688,45,4060,4106,9,1004,95,1051,18,3699,2815,5,2737,149,1637,27,361,1291,4,1114406,80121,208989,3797,583207,1867763,925,3860689,294590,27269,81836,2199,533487,1160805,572,2101270,819816,52852,127153,1598,49720,706958,353,1759419,26267,2158,9549,199,18079,42803,63,99334,6588,847,3648,100,16370,25920,32,53574,19679,1311,5901,99,1709,16883,31,45760,0,0,33,0,68,12,0,113,25,2,22,0,225,78,0,352,3740,244,2686,45,3304,3876,9,13904,3731,211,2683,43,3756,3774,9,14207,3697,226,2672,41,3531,3521,9,13697,42,18,10,4,219,474,0,767,8,33,5,2,44,229,0,321,3691,193,2673,39,3797,3403,9,13805,1816,125,1196,19,1324,1280,5,5765,3739,244,2686,45,3902,4053,9,14678,3597,232,2553,40,2115,3282,7,11826,1822,114,1176,22,2076,2372,4,7586,1484,95,911,19,1650,1896,4,6059,3624,235,2601,42,3506,3723,8,13739,1039,85,503,13,271,412,3,2326,3551,231,2436,41,1670,2567,7,10503,82,6,72,2,34,47,0,243,1733,117,721,17,1073,1880,5,5546,3325,225,2424,41,1898,2781,8,10702,99,43,38,4,105,249,0,538,62,35,42,2,55,267,0,463,2532,148,1359,15,150,851,5,5060,1455,97,730,11,109,399,4,2805,3524,223,2478,43,2601,3030,8,11907,3154,192,2143,42,3427,3611,8,12577,1420,113,867,24,3917,3890,7,10238,1008,98,586,11,3738,3711,3,9155,1563,136,937,19,3501,3497,4,9657,539,25,722,8,2582,841,4,4721,31291,2151,8808,160,10546,32969,58,86872,14454,780,4983,73,6255,14451,32,41136,445079,27989,81131,1328,302637,906452,301,1765503,770236,741139,784793,682261,604684,505986,336647,284526,369062,292730,4672,3941,103661,91117,74324,66199,7105,5443,35589,22932,9159,7126,4046,2819,2164,1598,1092,687,1231,837,3323,3287,3065,2418,886,488,471,164,242,450102,202711,190961,82057,458139,225130,165150,79937,1198065,545435,593861,264756,92520,46422,44690,23734,46450,1815,3063,30332,1143,2431,191832,190659,47470,35501,0,0,327739,312598,153211,138677,0,0,170066,165919,275051,239533,141180,109581,55740,51746,179224,156390,211074,179082,24859,20217,129837,112160,252430,217323,31953,23737,0,0,68952,61266,44206,29938,114626,98184,73996,61738,68913,58561,117009,94733,52200,42781,133851,106321,100958,85012,79165,63916,66968,72110,221213,189123,77192,65623,46707,36944,35726,34863,140812,123389,78639,157181,63344,3104,26864,89463,121015,52260,1338,14817,83725,180773,64794,3338,30052,92426,125093,51978,1650,16642,9303,12823,12530,12411,13548,15758,32259,38746,6631,9827,8174,8883,8553,9855,21771,29295,49916,34223,25999,16020,16655,14070,77279,52682,39635,29050,19218,12696,11870,10435,60181,43974,19536,17795,7454,6047,4163,3226,25272,19942,16658,16286,5878,5188,3193,2674,20165,17370,1253,512,820,501,655,556,2392,1025,858,448,707,415,553,405,1897,974,3438,1874,3933,1798,5232,3502,12508,6076,2627,1493,2839,1299,3516,2294,9222,4853,684,18623,37944,792,100,0,788,13250,26329,654,83,0,0,0,0,0,0,0,2,26,27,0,0,0,3,18,11,0,0,0,0,0,0,0,0,0,11802,33706,1390,1101,812,9387,6328,22894,1098,726,607,9483,0,0,0,0,0,0,1597879,1561485,1485088,1059059,614002,662257
2015-16,24,Gujarat,196024,60383.63,31.35,19.17,918,6.7,14.8,79.31,87.23,70.73,33,253,19877,4307,10942,1503,220,680,166,3504,4127,742,595,160,303,131,2798,2592,390,908,60,377,35,706,1535,352,426664,94147,43921,14978,377741,1629786,101191,2688428,146641,59108,16991,12073,274734,888699,41467,1439713,280023,35039,26930,2905,103007,741087,59724,1248715,14656,2835,2231,537,13631,45572,4200,83695,5680,1838,940,447,10107,24574,1908,45495,8976,997,1291,90,3524,20998,2292,38200,4,0,56,13,23,0,7,103,0,1,0,1,164,7,18,191,1503,220,680,166,3495,4127,741,10932,1482,208,669,159,3430,3947,719,10614,1479,207,672,123,3368,3787,705,10341,24,13,8,43,122,340,35,585,21,12,11,7,69,178,21,319,1458,195,661,116,3313,3609,686,10038,498,66,201,53,733,1322,227,3100,1503,220,680,166,3502,4127,741,10939,1503,220,680,166,3495,4127,742,10933,801,132,337,98,1711,2560,378,6017,529,93,209,69,982,1744,228,3854,1412,206,600,108,2785,3746,592,9449,479,65,124,15,282,1107,117,2189,1470,209,651,131,2902,3884,713,9960,13,1,3,0,11,13,4,45,260,35,23,0,12,357,84,771,1436,198,643,99,2730,3792,640,9538,123,36,37,13,222,364,54,849,61,29,24,60,205,280,42,701,1324,177,428,54,1665,2987,461,7096,275,133,62,44,2380,3009,195,6098,1445,213,648,125,2816,3741,640,9628,1417,208,625,119,3278,3912,638,10197,401,109,184,97,1721,2033,255,4800,174,21,53,34,603,908,84,1877,189,45,73,40,1074,1211,114,2746,385,52,200,144,826,544,479,2630,10673,1942,1689,397,9858,33474,3224,61466,8218,728,1396,179,3209,13865,1467,29085,166518,38182,15964,8754,157102,709463,39460,1135443,603299,491614,535129,378340,487695,336461,266704,213600,263457,207042,1061,728,4610,1690,3393,1810,965,637,1575,878,6902,4572,3551,2062,2972,1724,1219,804,1477,1036,1829,1845,1810,2460,755,582,414,282,267,139638,59657,73642,34597,255016,117771,117744,58309,813441,317252,386878,159011,116791,48586,51320,23667,34177,1712,1047,22982,619,276,266540,228561,40068,31426,0,0,226500,184801,198995,151803,0,0,73186,54108,204975,141313,173363,125786,25151,17118,64840,40214,213509,150353,11922,7026,26251,13584,100823,60322,15180,12726,0,0,92537,79697,19482,16938,106214,85052,90401,76568,35950,25563,104478,81213,16823,10562,49097,32322,156446,112278,37012,28369,59715,53829,219329,138490,119943,91810,21159,17857,23188,24235,121755,88098,74815,87475,101502,787,2118,74469,52136,84355,1160,1476,85587,82696,92068,826,2266,78270,47799,78255,1052,1663,11524,14714,7517,8264,20947,21656,44755,33021,5747,11146,3767,5515,7831,10882,20059,20464,40346,22069,4416,2720,6089,4823,25533,11868,36726,20323,3763,2338,3903,3242,20949,10223,46873,44225,7309,5820,4603,3832,40412,28286,35240,38534,4494,4557,2320,2660,25742,22529,513,503,92,128,89,97,428,412,240,456,57,114,35,74,282,391,480,436,296,200,386,528,1497,740,290,351,171,146,138,212,828,509,166,25936,27257,911,45,0,112,12805,15490,459,16,0,0,0,0,0,0,0,0,137,145,13,0,0,1,96,99,7,0,0,0,0,0,0,0,0,1040,45593,3727,2765,1271,214,1150,23542,1808,1750,562,273,0,0,0,0,0,0,1123477,1077290,908982,834748,504547,480109
2015-16,25,Daman & Diu                   ,112,242.91,23.61,53.54,618,2.5,6.3,87.07,91.48,79.59,2,2,39,7,42,8,4,5,0,13,10,2,5,2,1,0,9,7,0,3,2,4,0,4,3,2,2362,799,544,0,1414,3099,79,8297,1168,338,58,0,709,2157,0,4430,1194,461,486,0,705,942,79,3867,73,71,28,0,119,190,8,489,40,28,1,0,74,133,0,276,33,43,27,0,45,57,8,213,,,,,,,,,,,,,,,,,8,4,5,0,13,10,2,42,8,4,5,0,12,9,2,40,8,4,5,0,12,8,2,39,0,0,0,0,1,2,0,3,0,0,0,0,1,1,0,2,8,4,5,0,11,7,2,37,0,1,2,0,9,3,0,15,8,4,5,0,13,10,2,42,8,4,5,0,13,10,2,42,1,1,1,0,10,7,1,21,1,1,1,0,10,4,1,18,8,4,5,0,13,10,2,42,3,3,2,0,1,2,0,11,8,4,5,0,11,10,2,40,,,,,,,,,6,3,2,0,9,5,2,27,8,4,5,0,7,10,2,36,0,2,0,0,0,0,0,2,0,2,0,0,0,0,0,2,8,4,5,0,10,9,2,38,2,2,2,0,1,2,0,9,7,4,4,0,6,8,1,30,7,4,4,0,13,10,1,39,0,2,0,0,13,10,1,26,0,1,0,0,9,9,0,19,2,2,3,0,11,9,1,28,2,1,1,0,3,0,0,7,58,50,19,0,42,92,11,272,55,24,9,0,48,84,3,223,1004,350,182,0,656,1655,32,3879,1672,1498,1810,1440,1481,1355,636,585,491,499,0,0,8,3,4,6,5,0,6,4,10,7,12,4,6,3,0,1,0,2,11,10,11,11,2,1,1,1,1,312,140,120,60,807,376,247,135,2646,1289,1113,559,554,251,122,67,159,4,2,97,0,4,436,454,1,0,0,0,736,677,438,459,0,0,364,263,824,604,349,407,89,71,374,268,637,596,35,23,157,100,482,347,0,0,0,0,95,106,10,18,323,279,237,231,165,153,142,157,53,47,102,93,516,402,83,63,148,141,714,630,427,375,61,43,60,68,319,272,49,198,158,36,0,132,140,135,19,0,67,215,72,11,0,182,115,85,13,0,11,15,10,10,49,47,139,315,4,9,3,1,25,31,30,106,79,78,14,9,8,12,148,45,73,73,11,8,6,4,129,37,56,80,9,19,33,27,129,78,38,75,4,14,18,21,51,64,0,1,7,3,1,2,29,8,0,1,3,3,1,2,26,8,0,0,0,0,0,0,0,0,0,0,0,0,0,0,0,0,27,72,159,6,1,1,15,67,133,5,0,1,0,0,0,0,0,0,0,0,0,0,0,0,1,1,0,0,0,0,0,0,0,0,0,0,7,222,10,7,15,5,8,196,4,8,3,4,0,0,0,0,0,0,3295,3273,3094,2905,1655,2040
2015-16,26,Dadra & Nagar Haveli          ,491,342.85,14.72,55.5,775,1.8,52,77.65,86.46,65.93,1,1,70,11,41,7,1,9,0,11,12,1,3,1,7,0,9,9,0,4,0,2,0,2,3,1,3009,216,715,0,3291,11561,702,19494,616,216,653,0,2434,8288,0,12207,2393,0,62,0,857,3273,702,7287,162,14,41,0,109,295,24,645,50,14,32,0,73,223,0,392,112,0,9,0,36,72,24,253,0,0,1,0,0,0,0,1,,,,,,,,,7,1,9,0,11,12,1,41,7,1,9,0,11,12,1,41,7,1,9,0,11,12,1,41,,,,,,,,,,,,,,,,,7,1,9,0,11,12,1,41,1,0,3,0,0,1,0,5,7,1,9,0,11,12,1,41,7,1,9,0,11,12,1,41,2,0,2,0,4,6,0,14,1,0,1,0,2,3,0,7,7,1,9,0,10,11,1,39,6,1,2,0,0,0,1,10,7,1,9,0,8,12,1,38,0,0,1,0,0,0,0,1,3,1,2,0,7,8,1,22,7,1,9,0,5,12,1,35,0,1,3,0,4,6,1,15,0,1,2,0,2,4,1,10,7,1,8,0,7,9,0,32,3,1,2,0,0,4,0,10,7,1,9,0,4,11,1,33,7,1,9,0,11,12,1,41,0,0,4,0,11,12,0,27,0,1,2,0,9,12,0,24,0,1,4,0,10,12,1,28,1,0,1,0,5,1,0,8,79,7,19,0,66,186,12,369,107,2,18,0,47,162,16,352,1285,117,280,0,1490,5337,441,8950,4042,3548,3925,3057,3174,2774,2352,2072,1093,1047,30,22,142,36,0,0,40,10,0,0,17,21,46,12,29,13,2,8,5,8,13,14,13,16,3,2,1,0,0,476,229,224,123,8374,3807,3686,1699,311,139,290,148,374,160,193,83,237,0,8,111,0,13,1572,1442,1,0,0,0,1570,1442,1373,1270,0,0,603,475,1475,1123,984,931,205,137,728,483,1356,1209,92,52,348,181,834,634,1,0,0,0,511,618,7,10,763,770,289,331,502,383,422,420,575,301,375,286,926,731,77,60,1966,1788,65,68,736,603,62,47,731,771,59,58,912,509,931,0,0,846,533,693,0,0,299,437,357,0,0,281,365,401,0,0,5,11,3,3,397,398,2,4,2,7,2,2,322,341,2,3,202,136,24,42,167,182,36,30,180,114,18,37,88,102,32,29,237,279,12,27,205,117,20,15,164,237,8,25,117,78,15,15,0,0,0,0,0,0,0,0,0,0,0,0,0,0,0,0,0,0,0,0,0,0,0,0,0,0,0,0,0,0,0,0,17,137,125,14,0,0,2,148,195,7,0,0,0,0,0,0,0,0,,,,,,,,,,,,,,,,,,,5,231,10,15,15,17,4,300,11,11,7,19,0,0,0,0,0,0,7812,7426,6732,5884,2419,2584
2015-16,27,Maharashtra,307713,112372.97,36.58,15.99,925,11.8,9.4,82.91,89.82,75.48,36,408,43661,5583,25025,946,4657,2158,7853,6276,1038,2097,601,3178,1402,5175,3827,648,1107,345,1479,756,2678,2449,390,990,340506,2634121,192964,1247911,619417,318659,1068733,6423525,185975,1499402,117153,640358,320039,166241,296605,3226017,154531,1134719,75811,607553,299378,152418,772128,3197508,13946,74771,10836,51432,33678,10906,24208,220008,7012,43169,6367,27928,18887,5828,8161,117461,6934,31602,4469,23504,14791,5078,16047,102547,8,2,159,39,86,1,34,329,3,0,1,7,44,2,30,87,946,4657,2158,7853,6274,1038,2095,25021,940,4604,2139,7680,6247,1034,2084,24728,922,4465,2107,7367,6188,1015,2022,24086,24,180,39,461,62,19,67,852,6,48,15,159,18,1,1,248,916,4429,2104,7233,6196,1018,2029,23925,384,1269,717,1881,1482,292,730,6755,944,4657,2158,7851,6274,1038,2093,25015,930,4625,2133,7627,5936,1012,2027,24290,576,3379,1321,5551,4188,699,1275,16989,512,3051,1124,4957,3500,596,966,14706,929,4599,2096,7716,6046,1019,1977,24382,474,1369,554,846,566,143,974,4926,890,4370,1953,6964,5360,931,1853,22321,9,21,51,33,33,5,31,183,446,2133,493,1708,959,346,566,6651,894,4527,2025,7425,5852,1005,1980,23708,202,467,433,446,414,175,171,2308,198,222,423,322,410,162,222,1959,651,3416,1185,4411,3305,673,1424,15065,414,3339,785,3677,1834,394,576,11019,915,4559,2081,7620,5947,1006,1923,24051,822,4307,1954,7080,5359,912,1205,21639,587,3734,1211,6062,4454,749,855,17652,237,1244,483,1835,1117,184,368,5468,512,3187,1058,5440,3910,628,774,15509,181,41,425,368,1370,120,1046,3551,7357,41954,5584,25479,15555,6241,16201,118656,6868,20107,5391,16606,12325,3825,9198,74427,152025,1216793,84539,586726,276742,138573,467515,2923936,1052976,908243,1077858,875301,935977,791582,786248,663753,699506,593300,675,394,13999,7407,6091,3157,3285,2250,5610,3214,15366,11810,13732,10256,10324,8765,2825,2180,2538,2063,3728,3721,3627,4564,1692,1118,1337,437,431,522733,239438,367988,170451,336514,150405,194728,87121,1316222,593782,990648,453931,402627,194682,213606,105346,71239,1786,2405,41008,325,765,167393,155280,32462,26923,0,0,492976,436413,177007,158685,0,0,292245,240890,455659,385034,146531,134349,72719,56200,296760,229478,425124,379766,27643,19460,115967,75184,364293,277496,36819,30631,0,0,119789,116936,36108,32231,295394,271865,116498,113912,219971,174034,261059,240263,114292,70270,285867,206868,341974,293846,116917,100958,67919,56554,311596,259925,315670,279223,100297,89546,58125,49627,280031,238909,270507,277250,167054,32809,7185,254064,208945,152644,14232,6712,241766,245637,143323,27925,6896,232479,180127,135888,12546,6412,55844,61421,30704,29184,20641,17601,76579,76686,46637,54740,25206,26107,16734,14743,64343,69302,111114,79178,27359,20940,10944,7163,89148,63721,102541,75478,25483,19735,9869,6987,84647,61318,87314,83265,14673,14714,3618,3294,36604,36234,77923,78394,12572,13253,3072,2821,32047,33716,10566,3049,3942,1459,1031,438,10270,3145,8588,2939,3335,1335,829,395,9131,2924,2648,2281,649,561,154,136,2295,1882,2435,2014,606,521,200,201,2049,1756,16683,74547,50398,1087,80,0,5325,34246,31294,851,56,0,0,0,0,0,0,0,175,961,1606,43,1,0,180,908,1525,40,2,0,0,0,0,0,0,0,7675,128006,5375,1678,1871,976,4795,63844,3239,933,971,645,0,0,0,0,0,0,2025165,1956811,1970514,1694545,1313517,1201964
2015-16,28,Andhra Pradesh                ,275045,84665.53,24.58,11.1,992,16.4,7,67.66,75.56,59.74,13,670,15075,5076,13823,171,174,1476,9735,23,4,2240,121,161,839,6723,16,3,1226,50,13,637,3012,7,1,1014,33287,35683,122289,1101918,1292,1225,914271,2209965,23273,33210,60655,728166,918,831,440158,1287211,10014,2473,61634,373752,374,394,474113,922754,1506,1687,5383,55891,86,22,10363,75327,1162,1558,3270,39914,57,20,6157,52408,344,129,2113,15977,29,2,4206,22919,0,0,20,58,0,0,2,80,2,1,38,171,0,0,112,324,171,173,1459,9726,23,4,2240,13796,126,172,1273,9645,23,3,2176,13418,95,174,1271,9065,22,4,2060,12691,75,0,199,662,1,0,180,1117,45,2,202,82,0,1,64,396,51,172,1075,8991,22,3,1996,12310,20,47,178,982,2,1,490,1720,171,160,1471,9553,23,4,2207,13589,171,157,1433,9499,21,4,2146,13431,51,110,349,3462,5,1,640,4618,26,79,150,2353,4,0,216,2828,167,125,1339,9342,22,4,2020,13019,107,86,582,4574,3,3,1162,6517,162,51,1281,7822,20,3,1983,11322,4,2,25,104,0,0,71,206,43,10,99,569,0,3,871,1595,149,158,856,5847,17,3,1156,8186,40,16,197,409,0,3,168,833,67,16,189,593,3,2,184,1054,132,24,543,3331,7,3,1093,5133,54,47,228,2169,6,0,465,2969,146,86,1136,7932,19,3,1806,11128,148,103,810,7074,9,3,933,9080,133,126,627,5973,2,4,0,6865,67,58,230,4048,1,0,170,4574,77,70,295,4691,0,0,314,5447,16,155,608,2237,12,3,741,3772,1267,1249,4302,30898,58,41,23113,61028,826,756,2596,22696,48,7,2712,29822,20328,17925,57432,534877,574,538,443559,1075233,341376,323072,331997,311772,323373,306223,225589,219927,253773,237311,116,114,123,104,0,0,0,0,0,0,4108,3660,3602,3471,3258,3288,0,0,0,0,1058,1043,910,616,232,216,82,90,80,243362,120667,187099,93446,66514,32502,47168,22385,626301,302603,479359,229143,85391,41294,0,0,29635,3270,3127,21849,822,1534,769,794,46,32,11,8,161405,171966,1578,1435,9,17,123054,115121,163405,172051,564,614,41034,27224,112671,104581,159190,168656,15114,7967,54297,33673,163599,136928,43,39,7,7,483,714,0,0,114076,124936,0,0,75841,71075,47,48,35146,23163,253719,237256,6422,6139,4881,4313,825,711,13262,9850,6466,5826,4501,4036,774,651,12491,9239,11593,203053,11203,2046,0,12049,194823,10137,1600,0,13849,228723,12405,982,0,12209,212697,10253,636,0,0,0,0,0,0,0,0,0,0,0,0,0,0,0,0,0,0,0,0,0,0,0,0,0,0,0,0,0,0,0,0,0,0,0,0,0,0,0,0,0,0,0,0,0,0,0,0,0,0,0,0,0,0,0,0,0,0,0,0,0,0,0,0,0,0,0,0,0,0,0,0,0,0,0,0,0,0,0,0,0,0,19328,23901,889,0,0,0,14103,12696,449,0,0,0,0,0,0,0,0,0,290,1060,37,0,0,0,1140,1402,32,0,0,0,0,0,0,0,0,714,34755,4522,2850,337,2327,614,24078,1922,1843,247,1118,0,0,0,0,0,0,708092,681449,654648,621042,434511,387303
2015-16,29,Karnataka,191791,61130.7,29.38,15.67,968,17.1,7,75.6,82.85,68.13,34,203,29449,4063,18136,711,59,2856,760,10011,931,2808,89,38,1023,497,6443,641,1220,622,21,1832,263,3568,290,1587,83083,19504,232158,72131,1198373,397819,584766,2588481,13776,8443,73810,43342,730934,201901,203132,1275461,69307,11061,158327,28789,467439,195918,381634,1312999,4158,719,14483,3774,77381,15303,20086,136213,779,430,4842,2395,48593,9432,8992,75547,3379,289,9635,1379,28788,5871,11094,60660,31,0,73,11,40,5,2,162,6,0,3,4,21,1,90,125,711,59,2854,760,10007,931,2808,18130,708,54,2844,740,9894,908,2611,17759,703,57,2843,635,9535,862,2432,17067,8,2,13,125,464,68,211,891,3,5,12,20,112,23,30,205,700,52,2831,615,9435,840,2567,17040,100,9,458,78,831,82,623,2181,711,59,2856,759,10010,931,2753,18079,711,59,2856,759,10010,931,2613,17939,108,22,584,185,2571,284,1097,4851,81,16,408,119,1723,201,863,3411,711,58,2826,698,9862,930,2600,17685,188,21,555,94,797,59,974,2688,666,54,2594,580,7558,757,2407,14616,12,1,62,27,77,4,67,250,95,25,242,20,805,196,333,1716,666,56,2562,587,7646,665,2049,14231,21,19,93,251,320,32,302,1038,15,18,77,285,145,15,251,806,496,38,1435,212,2492,279,622,5574,311,28,744,179,3218,430,499,5409,608,58,2532,576,8867,864,1938,15443,653,57,2672,694,9389,877,1236,15578,288,32,874,324,5640,706,1186,9050,28,7,227,99,1685,175,594,2815,61,14,298,91,1933,251,631,3279,115,9,569,510,2361,41,1277,4882,3231,441,9780,2126,29886,7779,17718,71286,3246,229,9979,1437,29200,5763,6702,56775,38914,8333,105882,34560,579715,205762,294476,1267935,498994,462741,482817,438811,441468,411168,222251,228689,174010,189267,3313,2335,5968,3571,4016,2935,4225,4494,5489,5011,6141,4445,4689,3430,3583,2735,328,150,249,132,720,709,714,771,257,216,91,60,49,320049,150946,132694,66482,126563,59279,55506,27169,1076090,522028,520991,269379,227762,115715,66939,36337,43522,2114,2384,19834,182,861,49004,46340,4242,4977,38,36,310353,291035,59036,55957,178,160,113501,101874,258965,235198,56238,55658,20919,19063,130863,116714,244958,226323,5216,4426,29708,25963,140054,128993,5428,5091,0,0,41369,41597,5712,6977,95407,105756,34796,39580,62365,58790,73329,81521,17716,17496,60208,61230,73432,64919,62722,58444,26128,24562,200230,202317,63130,59290,50628,49338,21553,21104,172532,179707,99667,47395,46991,82,1942,98776,49452,53592,98,866,76456,38007,36282,60,1226,81251,40077,44507,65,804,4465,5881,11212,11793,4792,5167,28178,33674,2897,4262,6191,7618,2880,4005,17608,24473,9366,8240,3997,3908,1623,1610,23213,24008,7913,7064,2547,2508,1238,1361,17652,18646,7286,8799,5496,5736,2285,2742,28125,33042,5622,7404,3515,4366,1773,2333,21552,28244,254,62,33,21,33,9,111,63,32,23,31,20,11,10,107,109,88,49,33,28,1,1,246,148,27,22,15,21,0,1,169,125,26696,25369,23546,2732,178,117,19048,19344,16127,1860,85,50,0,0,31,4,0,370,140,126,113,13,1,1,72,111,60,11,7,0,0,0,1,0,0,0,4157,59161,5522,4379,793,5020,2581,43037,2833,3043,722,4559,0,12,4,0,0,390,991606,990403,916784,850206,368729,311613
2015-16,30,Goa                           ,3702,1457.72,46,8.17,968,1.7,10.2,87.4,92.81,81.84,2,12,530,111,495,15,5,165,218,2,0,90,9,0,113,169,1,0,56,6,5,52,49,1,0,34,3890,2041,23433,24270,0,0,32783,86417,2023,0,13324,14779,0,0,17919,48045,1867,2041,10109,9491,0,0,14864,38372,237,126,1636,1954,0,0,1793,5750,128,0,980,1344,0,0,990,3446,109,126,656,610,0,0,803,2304,0,0,0,2,0,0,1,3,0,0,0,0,0,0,1,1,15,5,165,218,2,0,90,495,15,5,160,214,2,0,89,485,15,5,159,218,2,0,86,485,0,0,6,0,0,0,4,10,0,0,5,4,0,0,1,10,15,5,154,214,2,0,85,475,8,0,12,20,0,0,12,52,15,5,165,218,2,0,90,495,15,5,165,218,2,0,90,495,8,2,41,56,1,0,17,125,5,2,12,31,1,0,3,54,15,5,164,218,2,0,90,494,10,3,14,11,1,0,67,106,15,5,139,169,1,0,78,407,2,0,4,0,0,0,0,6,7,4,147,165,0,0,60,383,15,5,148,172,2,0,81,423,2,2,5,4,0,0,3,16,2,2,6,1,0,0,1,12,15,5,159,200,0,0,82,461,10,3,127,139,0,0,52,331,14,3,124,132,0,0,66,339,14,5,164,216,0,0,42,441,11,5,140,198,0,0,60,414,2,3,23,83,0,0,11,122,10,5,162,204,0,0,82,463,0,0,2,10,0,0,15,27,138,56,601,716,5,0,834,2352,172,68,1220,1278,0,0,1206,3948,1716,936,11534,11160,0,0,16662,42008,12628,11499,16180,13386,10474,10624,10076,9687,7679,8311,6,3,3260,1728,162,95,192,81,9,4,287,237,235,102,117,66,31,23,24,21,65,57,56,81,9,6,11,5,3,824,402,649,351,5768,2802,3990,2000,6804,3371,5789,3043,4873,2363,2516,1230,1317,56,31,911,9,24,982,1060,13,23,0,0,8459,7762,1077,1150,0,0,2307,2079,8562,7800,641,781,556,417,3888,2960,6498,7030,324,181,2640,1453,3335,2813,99,109,0,0,1974,2023,61,83,4723,5105,1541,1702,1984,1645,3801,4457,1296,805,2276,2069,7805,7532,155,148,1073,1102,1240,1267,6891,6803,128,118,920,939,1049,1118,1591,3012,3081,2350,42,3176,2886,2703,889,33,1037,2437,2343,1845,17,2493,2512,2451,827,28,620,1471,15,41,146,324,123,330,491,1300,11,45,116,260,106,283,1835,1886,29,18,166,198,330,448,1651,1747,25,18,144,180,278,348,1676,1807,41,39,260,275,335,461,1463,1711,32,37,229,237,296,378,1239,566,42,36,295,150,328,190,1126,497,24,14,265,145,210,119,24,36,0,0,1,12,12,8,19,24,0,0,1,12,12,8,31,789,939,36,0,0,26,1805,2072,32,1,0,0,0,0,0,0,0,1,3,1,2,0,0,3,8,0,1,0,0,0,0,0,0,0,0,73,1376,83,152,91,27,122,3238,111,279,133,65,0,0,0,0,0,0,24267,24390,30620,20677,18876,16170
2015-16,31,Lakshadweep                   ,32,64.43,41.86,6.23,946,0,94.8,92.28,96.11,88.25,1,3,10,9,14,4,5,1,0,0,4,0,4,4,1,0,0,3,0,0,1,0,0,0,1,0,804,2030,35,0,0,2047,0,4916,804,1553,35,0,0,1437,0,3829,0,477,0,0,0,610,0,1087,105,188,5,0,0,170,0,468,105,137,5,0,0,118,0,365,0,51,0,0,0,52,0,103,,,,,,,,,,,,,,,,,4,5,1,0,0,4,0,14,4,5,1,0,0,4,0,14,4,5,1,0,0,4,0,14,,,,,,,,,,,,,,,,,4,5,1,0,0,4,0,14,1,0,0,0,0,0,0,1,4,5,1,0,0,4,0,14,4,5,1,0,0,4,0,14,2,2,1,0,0,3,0,8,1,2,1,0,0,2,0,6,4,5,1,0,0,4,0,14,1,5,0,0,0,3,0,9,4,3,1,0,0,2,0,10,,,,,,,,,3,5,0,0,0,4,0,12,4,5,1,0,0,4,0,14,,,,,,,,,,,,,,,,,4,5,0,0,0,4,0,13,4,4,0,0,0,4,0,12,2,4,0,0,0,4,0,10,4,4,1,0,0,3,0,12,4,4,0,0,0,3,0,11,2,1,0,0,0,1,0,4,4,5,0,0,0,3,0,12,,,,,,,,,29,63,4,0,0,57,0,153,58,75,4,0,0,71,0,208,668,862,20,0,0,1087,0,2637,521,567,725,681,507,605,595,809,452,542,0,0,149,81,0,0,0,0,0,0,16,9,8,7,5,12,6,5,4,2,12,12,12,10,2,2,2,0,0,0,0,0,0,2499,1276,2374,1341,15,6,19,6,2509,1281,2385,1343,81,0,6,64,0,2,194,258,42,2,0,0,254,276,218,281,0,0,57,30,285,312,169,217,14,1,110,59,244,270,2,2,70,27,94,118,4,0,0,0,126,270,0,0,259,360,58,102,98,121,218,336,108,58,176,104,0,1,0,0,590,796,2,1,0,1,0,0,583,667,2,1,326,196,73,0,0,352,404,53,0,0,230,157,65,0,0,197,301,44,0,0,0,0,0,0,277,154,1,1,0,0,0,0,125,97,1,1,1,3,0,0,169,249,3,2,1,3,0,0,118,190,1,1,0,0,0,0,46,32,0,0,0,0,0,0,30,20,0,0,0,0,0,0,0,0,0,0,0,0,0,0,0,0,0,0,0,0,0,0,0,0,0,0,0,0,0,0,0,0,0,0,44,81,129,5,0,0,21,69,115,3,0,0,0,0,0,0,0,0,1,0,0,0,0,0,0,0,0,0,0,0,0,0,0,0,0,0,13,194,15,33,2,3,8,179,5,12,0,4,0,0,0,0,0,0,1118,1202,1486,1459,1026,964
2015-16,32,Kerala,38863,33387.68,24.76,4.86,1084,9.1,1.5,93.91,96.02,91.98,14,166,1907,1375,4682,1415,1021,1203,371,159,448,65,978,732,983,287,140,368,45,436,289,220,84,19,80,20,520672,791566,90297,76067,29808,382928,12051,1903389,348123,547981,72127,55181,25521,322804,7095,1378832,172549,243585,18170,20886,4287,60124,4956,524557,30699,38942,7910,5132,2238,18753,650,104332,20724,27327,6387,3817,1980,15807,429,76477,9975,11615,1523,1315,258,2946,221,27855,0,0,47,1,0,0,0,48,1,0,3,0,1,0,1,6,1413,1021,1199,371,159,448,65,4676,1409,969,1199,348,149,445,64,4583,1405,922,1193,306,151,431,48,4456,7,99,4,65,7,15,17,214,3,46,2,23,8,3,0,85,1404,876,1197,283,144,430,48,4382,448,362,377,74,31,121,11,1424,1412,1020,1201,371,158,448,65,4675,1408,1020,1188,370,159,448,64,4657,423,458,359,156,46,154,15,1611,352,413,276,144,35,131,10,1361,1408,1021,1171,369,157,447,65,4638,699,67,403,14,5,31,24,1243,1344,938,1054,326,111,393,56,4222,33,2,48,0,1,0,1,85,610,419,96,2,0,213,23,1363,1252,917,1101,331,144,380,56,4181,102,36,42,13,4,12,3,212,105,37,42,13,2,2,7,208,1359,1006,983,360,149,439,55,4351,938,835,597,280,116,350,31,3147,1265,927,1063,341,130,394,52,4172,1174,909,921,337,128,357,24,3850,725,634,483,181,108,330,18,2479,309,245,190,50,25,106,9,934,753,640,515,220,114,296,25,2563,31,1,91,4,8,3,14,152,15059,18014,4014,2316,875,8338,370,49114,23660,26590,6453,4018,1392,11211,474,73805,257751,398908,45333,45957,12673,185096,6575,952293,269287,256314,282476,263165,282695,269913,197671,214418,188254,204797,235,215,3794,1438,754,569,386,256,336,171,10735,8539,5413,3549,5826,3804,2159,1442,2038,1445,1339,1334,1264,1491,509,271,117,68,55,105048,50562,80991,41565,18510,9270,11060,5823,706991,343447,476575,250976,350681,169107,190702,101894,27242,1115,1998,16708,524,1101,81375,79910,8425,11547,0,0,146393,138251,79545,76499,0,0,35544,32592,149693,137132,81013,81536,4365,4202,37508,31250,154625,147583,1591,1356,7305,6737,47057,40794,7596,9637,0,0,48501,53861,13682,15603,103541,113042,46328,53106,31080,30748,93725,101302,6854,7111,34412,34758,63717,61624,23187,21862,3698,3950,152318,145342,63396,60770,22496,21454,3501,3814,150691,143882,37260,79379,46796,11302,3940,42246,91358,46861,9919,3603,34354,76648,44262,10354,3839,40369,86834,44059,9280,3467,5992,6518,4712,4727,710,794,14202,18867,4600,5459,2677,3353,440,540,11302,17097,28068,33262,5499,7004,579,688,39427,45815,25101,30472,3761,5121,341,590,33408,41561,12286,11583,5064,5226,601,653,25010,25225,10704,10503,3328,3942,421,529,20920,23160,2768,2263,772,727,91,91,5698,5253,2067,1917,558,639,50,191,4705,4670,613,380,228,198,5,5,1149,918,501,327,146,141,4,4,895,814,1495,12218,15567,894,18,9,2459,30140,39039,1586,37,2,0,0,0,0,0,2,33,149,124,18,0,0,41,225,247,29,0,0,0,0,0,0,0,0,1126,25431,1541,1226,534,667,2270,64575,2935,1988,775,1262,0,0,0,0,0,2,525230,541423,563010,542420,395041,373520
2015-16,33,Tamil Nadu,130058,72138.96,38.1,15.6,995,20,1.1,80.33,86.81,73.86,30,413,19301,4092,12471,2660,4181,1791,3795,8,17,19,1121,2632,968,3119,7,8,6,1539,1549,823,676,1,9,13,954090,2551363,106462,417692,530,6081,5571,4041789,337276,1300215,50944,324151,451,2977,914,2016928,616814,1251148,55518,93541,79,3104,4657,2024861,52176,91372,10065,23005,39,233,316,177206,20349,51449,5400,18684,32,125,71,96110,31827,39923,4665,4321,7,108,245,81096,1,0,76,38,0,0,0,115,0,0,0,4,0,0,0,4,2655,4179,1784,3791,8,17,19,12453,2630,3712,1787,3755,8,16,19,11927,2590,3496,1780,3614,7,12,19,11518,70,684,11,180,1,5,0,951,30,469,4,40,0,1,0,544,2560,3028,1776,3575,7,11,19,10976,635,947,368,752,3,3,2,2710,2654,4181,1787,3795,8,17,19,12461,2654,4181,1787,3795,8,17,19,12461,1377,2448,872,2172,5,7,5,6886,624,1917,377,1712,2,5,2,4639,2658,4174,1786,3733,8,16,19,12394,959,278,407,74,0,1,7,1726,2613,3844,1726,2813,6,16,19,11037,33,7,22,5,0,1,0,68,1713,1231,500,734,2,4,17,4201,2619,3269,1763,2158,7,14,19,9849,312,404,78,93,0,1,1,889,272,366,68,164,0,4,1,875,2623,3814,1523,1944,2,15,18,9939,1158,626,623,255,3,4,7,2676,2612,3723,1725,2406,8,14,17,10505,2309,4061,1482,3652,8,13,16,11541,248,3164,164,3203,3,9,2,6793,232,2014,150,1830,1,4,2,4233,1136,3788,669,3484,6,11,9,9103,382,171,476,947,1,3,1,1981,29295,63805,5114,11399,23,183,184,110003,38492,51741,7968,13054,26,117,230,111628,449650,1335563,47198,210846,260,2826,2524,2048867,601903,574196,596976,564570,556238,540311,446129,496726,393579,447260,1279,1476,6286,4661,0,0,1958,2169,0,0,11812,9330,3077,2330,2073,1669,928,870,866,765,4518,4501,4141,4402,730,784,166,172,135,532124,262726,399301,215925,25706,12517,16323,8257,1616045,788996,1290342,680654,122098,61410,92455,49884,53914,3293,2732,46969,927,1975,270678,267751,26665,33673,1046,890,300312,275485,266884,254047,444,498,26490,26857,262573,238665,276844,271678,3746,3566,35394,32278,240245,227475,677,537,5460,5907,37659,39770,22231,38375,0,0,208407,225938,43912,52239,183732,195282,174321,200658,27407,31229,151404,166052,4352,5902,23942,28311,27358,24771,122691,125431,6253,7045,381075,373882,25984,24225,104413,115217,5497,6639,352568,357907,41467,266406,87429,40638,4885,49090,309235,101466,26574,4199,34931,241268,73132,36328,4015,42586,284243,87148,23944,3983,1194,1012,8168,9567,387,371,17356,23539,1058,983,6007,7949,355,337,14507,21368,14534,13128,47084,61770,2554,3179,184001,217393,14311,13452,39372,55398,2838,3430,170156,208065,6406,6889,15749,19034,720,657,44952,56340,5261,6433,11710,15770,741,911,37922,51619,1212,906,10840,8422,243,305,26125,16189,701,654,7886,6924,351,305,20966,14342,647,342,872,1074,25,28,3362,3248,403,312,675,869,19,488,2920,2628,1450,13586,35923,13687,34,0,2403,32277,58991,16165,66,0,0,0,0,0,0,0,75,388,348,85,2,0,108,764,730,118,6,0,0,0,0,0,0,0,1467,46748,14040,1477,1231,615,3430,86972,15579,2300,1401,1946,0,0,0,0,0,0,1157542,1190283,1122807,1103740,874768,840168
2015-16,34,Puducherry,479,1244.46,52.12,27.72,1038,15.7,0,86.55,92.12,81.22,4,6,145,33,366,100,52,166,36,0,7,5,37,27,91,12,0,2,1,63,25,75,24,0,5,4,35301,22353,11254,4555,0,3332,2426,79221,10443,11379,6501,1582,0,555,912,31372,24858,10974,4753,2973,0,2777,1514,47849,2182,1453,1146,483,0,200,117,5581,727,696,630,141,0,36,57,2287,1455,757,516,342,0,164,60,3294,0,0,10,0,0,0,0,10,,,,,,,,,99,52,163,36,0,7,5,362,97,45,164,29,0,5,4,344,98,41,164,30,0,5,5,343,2,11,2,6,0,2,0,23,3,7,2,7,0,2,1,22,95,34,162,23,0,3,4,321,10,19,25,19,0,3,0,76,100,52,166,36,0,7,5,366,100,52,166,36,0,7,5,366,57,38,75,31,0,4,1,206,27,37,42,29,0,2,0,137,100,52,166,36,0,7,5,366,43,32,32,16,0,6,2,131,97,52,159,36,0,7,5,356,1,1,1,1,0,0,0,4,52,11,8,2,0,3,4,80,96,47,152,29,0,6,5,335,6,5,1,0,0,0,1,13,6,4,2,0,0,0,1,13,95,50,122,35,0,7,5,314,38,9,31,4,0,3,1,86,98,45,144,21,0,4,3,315,91,49,154,36,0,6,4,340,12,49,44,36,0,7,0,148,0,6,3,3,0,1,0,13,15,43,45,22,0,2,2,129,6,0,18,0,0,0,2,26,1016,633,419,161,0,95,55,2379,1392,784,778,282,0,106,31,3373,16833,12802,5454,2084,0,1824,981,39978,11500,10707,12422,11069,10263,10480,9094,9883,7464,8546,0,0,886,493,99,49,203,183,66,78,95,74,101,68,37,51,25,44,12,20,120,121,117,121,23,17,5,2,5,8735,4292,6333,3394,0,0,0,0,31961,15671,25542,13576,2994,1441,1986,1026,1315,32,49,960,0,23,8653,8386,816,588,0,0,2581,2077,7995,7581,0,0,217,191,3096,2447,7276,7850,40,13,436,282,2611,2197,9,40,79,171,376,433,377,296,0,0,6059,7059,527,338,2259,2157,4828,5861,338,339,1800,2005,61,32,309,342,1041,716,2026,2176,73,121,7839,7918,992,702,1748,1993,48,243,7294,7523,248,5676,1815,603,109,426,6333,2021,444,28,225,4782,1304,392,79,333,5405,1645,317,43,30,20,83,92,0,0,128,210,21,15,40,56,0,0,70,160,495,448,730,979,2,312,3887,4179,468,424,591,827,2,2,3537,4230,103,96,222,305,0,116,973,1282,96,88,134,210,0,2,726,1243,29,11,99,109,1,4,255,187,17,7,60,88,0,0,176,150,30,18,6,1,0,0,70,45,30,18,6,1,0,0,70,45,23,436,1400,346,3,0,34,924,1919,494,2,0,0,0,0,0,0,0,,,,,,,,,,,,,,,,,,,19,1765,284,140,0,0,28,3024,219,102,0,0,0,0,0,0,0,0,22365,22249,23873,22494,17017,15274
2015-16,35,Andaman & Nicobar Islands     ,8249,379.94,30.58,6.68,878,0,7.5,86.27,90.11,81.84,3,9,198,37,112,40,19,49,0,0,4,0,22,17,41,0,0,3,0,18,2,8,0,0,1,0,12739,5208,2768,0,0,2865,0,23580,5129,4452,1974,0,0,1969,0,13524,7610,756,794,0,0,896,0,10056,853,347,250,0,0,171,0,1621,392,309,182,0,0,117,0,1000,461,38,68,0,0,54,0,621,0,0,2,0,0,0,0,2,,,,,,,,,40,19,49,0,0,4,0,112,40,19,49,0,0,4,0,112,39,19,49,0,0,4,0,111,1,0,0,0,0,0,0,1,,,,,,,,,39,19,49,0,0,4,0,111,6,2,4,0,0,1,0,13,40,19,49,0,0,4,0,112,40,19,49,0,0,4,0,112,16,10,26,0,0,3,0,55,8,7,14,0,0,2,0,31,40,19,49,0,0,4,0,112,36,18,39,0,0,4,0,97,39,14,36,0,0,2,0,91,,,,,,,,,33,16,25,0,0,4,0,78,38,17,45,0,0,4,0,104,5,6,2,0,0,2,0,15,6,6,2,0,0,1,0,15,31,14,23,0,0,4,0,72,12,5,4,0,0,2,0,23,33,8,35,0,0,2,0,78,39,18,46,0,0,3,0,106,31,18,39,0,0,4,0,92,21,12,19,0,0,2,0,54,32,18,39,0,0,4,0,93,1,3,1,0,0,0,0,5,403,164,124,0,0,79,0,770,483,180,150,0,0,76,0,889,6366,2609,1366,0,0,1234,0,11575,3160,2980,3650,3240,2981,2948,3001,2895,2373,2492,5,3,314,123,9,6,401,196,10,7,38,20,37,23,30,21,22,17,18,15,34,34,34,27,14,1,25,2,13,11,10,0,0,851,420,769,390,2843,1396,2672,1402,975,470,876,452,387,16,31,270,22,44,962,959,104,113,0,0,1423,1308,1071,1023,0,0,512,466,1457,1309,931,1056,170,166,657,569,1324,1317,93,81,361,226,726,575,97,111,0,0,875,1033,192,229,1188,1170,575,764,527,407,912,1007,314,174,694,492,2068,2079,5,3,200,216,557,643,1760,1858,5,3,185,198,505,596,1928,638,412,23,0,1735,768,387,5,0,1415,566,366,26,0,1440,673,362,17,0,1113,1023,0,0,123,110,349,358,620,704,0,0,78,61,193,235,431,530,4,3,13,24,130,125,354,425,4,3,12,20,111,107,285,297,4,0,26,10,55,43,214,225,4,0,9,8,34,25,13,17,0,0,0,1,8,5,13,17,0,0,0,1,7,5,0,0,0,0,0,0,0,0,0,0,0,0,0,0,0,0,23,190,450,53,0,1,40,281,464,59,1,0,0,0,0,0,0,0,1,3,9,2,0,0,4,7,31,2,0,0,0,0,0,0,0,0,8,588,47,59,20,10,29,749,48,44,12,7,0,0,0,0,0,0,6359,6458,7039,5903,6555,5259
2015-16,36,Telangana,,,,,,,,,,,10,459,9934,1776,13495,155,193,4810,6523,0,3,1811,106,183,2088,4512,0,1,808,49,10,2722,2011,0,2,1003,41949,43332,376169,629437,0,818,660711,1752416,27739,41355,141055,413556,0,573,246248,870526,14210,1977,235114,215881,0,245,414463,881890,1544,2535,15876,30880,0,34,12582,63451,1036,2442,6948,20326,0,19,6644,37415,508,93,8928,10554,0,15,5938,26036,0,0,53,125,0,0,0,178,5,1,75,86,0,0,186,353,155,193,4810,6522,0,3,1810,13493,120,192,4671,6428,0,3,1756,13170,78,192,4678,5857,0,3,1656,12464,77,1,132,666,0,0,155,1031,35,1,139,95,0,0,55,325,43,191,4539,5762,0,3,1601,12139,27,55,500,674,0,1,197,1454,155,182,4798,6372,0,3,1778,13288,154,159,4675,6387,0,3,1705,13083,43,100,1014,2170,0,0,518,3845,17,51,406,1454,0,0,174,2102,144,127,4385,6215,0,3,1404,12278,53,13,523,411,0,0,339,1339,150,35,4528,5455,0,3,1631,11802,2,0,38,9,0,0,4,53,59,7,82,45,0,1,204,398,128,161,3178,3112,0,2,952,7533,34,17,225,257,0,1,94,628,47,67,151,390,0,1,44,700,105,24,1913,1411,0,2,439,3894,42,34,883,971,0,0,273,2203,143,102,3979,4873,0,2,1312,10411,122,117,2874,5272,0,3,300,8688,91,159,1240,5178,0,0,447,7115,23,30,144,3071,0,0,76,3344,28,48,294,3420,0,0,95,3885,17,180,1666,902,0,1,677,3443,1122,1507,13770,17286,0,98,17911,51764,965,1059,7310,13629,0,13,2935,25911,27308,22953,167689,327573,0,407,332302,878232,282791,273551,270997,263807,263113,260211,170889,180233,169185,173981,4,0,2,2,0,0,0,0,0,0,2107,2069,1824,1944,1564,1670,71,61,68,75,384,381,364,241,139,64,44,35,39,181691,91286,119754,61655,103540,50010,70279,33234,522212,257887,309949,156607,119690,62934,40505,23053,25452,4269,2431,17646,565,899,140674,136012,31077,33191,0,0,98955,97714,120874,118576,0,0,30385,27822,84449,81607,135485,134154,9541,8595,24211,21971,94876,95027,3236,3408,10386,8462,32752,31030,68932,75946,0,0,57313,61613,76252,79701,28304,28890,55168,57731,9065,8740,24642,25290,7275,5044,13123,11259,30139,32511,36956,38087,21980,20053,102396,103725,25470,28015,29195,31370,18112,16705,86710,89462,63589,65086,23581,11096,5103,65996,71177,23139,9449,5830,63145,64315,23353,11185,5096,64417,68783,22747,8413,5734,1906,1738,3480,3335,2395,2199,6480,5404,1560,1361,2182,2300,1572,1571,4376,3961,7110,8413,7382,10251,4990,5402,20284,25020,4873,6292,5418,7885,3947,4217,15977,19165,2709,2631,4468,3959,2611,1946,11386,9217,1788,2013,2687,2437,1688,1387,6950,6311,1018,636,2117,1464,1454,1165,3567,1880,625,415,1518,1116,1017,803,2564,1447,295,280,139,192,49,97,206,272,194,216,117,131,32,63,146,259,0,12474,23081,651,0,0,0,11123,12345,407,0,0,0,0,0,0,0,0,0,126,1190,18,0,0,0,774,1246,16,0,0,0,0,0,0,0,0,484,30148,4604,764,189,1351,480,22016,2081,506,132,696,0,0,0,0,0,0,583034,550441,530002,505184,345818,321752
